Employee_ID,Age,Gender,Department,Job_Role,Monthly_Income,Years_At_Company,Education,Marital_Status,Job_Satisfaction,Environment_Satisfaction,Overtime,Performance_Rating,Distance_From_Home_KM,Training_Times_Last_Year,Work_Life_Balance,Attrition
EMP0001,39,Female,Research & Development,Manager,13741,0,Master's,Single,3,3,Yes,4,4,2,2,Yes
EMP0002,35,Female,Sales,Sales Executive,3956,2,Master's,Single,1,3,No,2,28,3,4,No
EMP0003,34,Female,Human Resources,HR Specialist,5572,0,Master's,Married,3,2,No,4,18,1,1,Yes
EMP0004,40,Female,Sales,Sales Executive,4752,1,PhD,Married,2,2,No,2,18,1,4,No
EMP0005,38,Male,Research & Development,Laboratory Technician,10595,9,Bachelor's,Single,1,2,No,3,25,3,4,No
EMP0006,21,Male,Sales,Sales Executive,5067,0,Master's,Married,3,1,No,3,27,4,2,No
EMP0007,45,Male,Research & Development,Research Scientist,6726,5,Master's,Single,4,4,Yes,3,3,4,3,No
EMP0008,29,Male,Research & Development,Research Scientist,7999,2,Bachelor's,Married,3,3,No,3,29,3,2,No
EMP0009,27,Female,Sales,Sales Executive,9646,9,Bachelor's,Married,1,2,No,4,28,3,4,No
EMP0010,31,Male,Marketing,Marketing Executive,6737,2,High School,Single,4,1,No,1,8,2,1,No
EMP0011,49,Female,Marketing,Marketing Executive,7714,2,High School,Married,1,2,No,3,2,2,1,No
EMP0012,37,Male,Human Resources,HR Executive,6483,1,Bachelor's,Married,2,1,No,4,23,3,3,No
EMP0013,43,Male,Human Resources,Manager,13898,8,Master's,Married,1,4,No,3,3,3,4,No
EMP0014,32,Male,Research & Development,Research Scientist,8960,3,Bachelor's,Single,4,1,No,3,18,6,3,No
EMP0015,34,Female,Marketing,Marketing Executive,11902,10,Master's,Married,3,1,Yes,3,16,2,4,No
EMP0016,40,Female,Marketing,Marketing Specialist,10619,2,PhD,Single,1,3,No,3,14,1,2,No
EMP0017,30,Female,Sales,Sales Executive,7197,6,Bachelor's,Divorced,3,1,No,3,27,2,2,No
EMP0018,18,Male,Human Resources,Manager,9474,0,High School,Divorced,3,4,No,2,16,2,4,Yes
EMP0019,36,Male,Research & Development,Research Scientist,14161,15,Bachelor's,Single,1,1,No,3,28,0,4,No
EMP0020,42,Female,Human Resources,HR Executive,11746,13,Bachelor's,Married,2,4,Yes,3,23,1,3,No
EMP0021,19,Male,Sales,Sales Representative,7791,1,High School,Married,2,1,No,2,7,0,4,No
EMP0022,34,Female,Sales,Manager,11163,2,Bachelor's,Single,3,2,No,2,30,4,2,No
EMP0023,41,Female,Research & Development,Research Scientist,6030,1,Master's,Divorced,4,1,No,3,20,5,3,No
EMP0024,28,Male,Human Resources,HR Executive,8934,2,Bachelor's,Single,3,2,Yes,4,23,6,1,No
EMP0025,41,Female,Research & Development,Research Scientist,9229,1,Bachelor's,Married,4,1,No,3,22,4,3,Yes
EMP0026,37,Female,Sales,Sales Executive,9244,3,Master's,Married,2,2,No,3,1,5,2,No
EMP0027,34,Female,Sales,Sales Executive,14776,9,PhD,Married,1,1,Yes,2,23,1,1,No
EMP0028,51,Female,Research & Development,Laboratory Technician,9286,14,High School,Single,3,1,No,4,12,4,1,No
EMP0029,41,Female,Finance,Financial Analyst,5663,0,Master's,Married,2,3,No,2,21,1,1,No
EMP0030,39,Female,Research & Development,Research Scientist,17048,21,Bachelor's,Married,4,4,No,3,24,6,2,No
EMP0031,34,Male,IT,Software Engineer,11775,8,Bachelor's,Divorced,2,1,No,3,12,4,1,No
EMP0032,27,Female,Marketing,Marketing Specialist,10716,1,PhD,Divorced,1,4,No,3,23,0,3,Yes
EMP0033,48,Female,Sales,Sales Representative,14878,17,Bachelor's,Divorced,1,2,No,4,6,6,2,No
EMP0034,37,Male,Sales,Sales Executive,7918,9,Bachelor's,Single,2,4,Yes,4,13,3,4,No
EMP0035,28,Male,IT,Software Engineer,3573,1,Master's,Single,2,4,No,3,8,4,3,No
EMP0036,34,Male,Research & Development,Research Scientist,5880,2,Master's,Single,2,4,No,3,15,4,4,No
EMP0037,30,Female,IT,Software Engineer,5948,1,High School,Married,1,1,No,3,23,0,3,No
EMP0038,37,Male,Sales,Sales Executive,5526,2,Bachelor's,Married,4,2,Yes,3,4,2,2,Yes
EMP0039,23,Male,Finance,Financial Analyst,12046,5,Bachelor's,Married,2,3,Yes,1,1,5,1,No
EMP0040,36,Male,Research & Development,Manager,12851,3,PhD,Married,3,3,Yes,1,6,3,1,No
EMP0041,30,Female,IT,Manager,13021,2,Bachelor's,Single,2,1,No,3,30,0,1,No
EMP0042,34,Male,Finance,Financial Analyst,13342,9,Master's,Married,2,4,No,4,25,0,4,No
EMP0043,42,Female,IT,Software Engineer,4234,2,Master's,Divorced,3,3,No,3,6,0,4,No
EMP0044,33,Male,Marketing,Marketing Executive,8383,1,High School,Single,4,1,No,3,13,5,3,No
EMP0045,36,Male,Sales,Sales Executive,5258,1,Master's,Single,4,1,No,3,29,1,1,No
EMP0046,47,Male,Research & Development,Research Scientist,11686,2,Master's,Married,2,2,Yes,3,27,0,2,No
EMP0047,35,Male,Sales,Sales Executive,12754,17,High School,Single,3,3,No,2,28,6,2,No
EMP0048,37,Male,Sales,Sales Representative,7671,0,Bachelor's,Single,2,2,No,3,25,6,1,No
EMP0049,35,Female,Research & Development,Research Scientist,10389,5,Bachelor's,Single,3,1,No,2,15,5,2,No
EMP0050,41,Female,Research & Development,Research Scientist,10836,2,Bachelor's,Single,1,2,No,2,22,4,2,No
EMP0051,18,Female,Research & Development,Research Scientist,7732,0,Bachelor's,Married,3,2,No,4,4,6,2,No
EMP0052,20,Male,Marketing,Marketing Specialist,8378,2,Master's,Single,2,2,No,3,1,3,1,No
EMP0053,56,Female,Finance,Financial Analyst,3600,0,Bachelor's,Married,2,4,Yes,2,12,1,1,No
EMP0054,18,Female,IT,IT Support,5065,0,Bachelor's,Single,1,1,No,4,14,4,4,No
EMP0055,33,Female,IT,IT Support,9854,7,Bachelor's,Divorced,2,4,Yes,2,5,2,3,No
EMP0056,18,Female,Research & Development,Laboratory Technician,4685,0,Bachelor's,Divorced,2,1,No,3,25,0,1,No
EMP0057,35,Male,Finance,Financial Analyst,8424,2,Bachelor's,Single,4,4,No,3,20,5,3,No
EMP0058,34,Female,Research & Development,Laboratory Technician,8790,7,Bachelor's,Married,3,2,No,3,15,3,1,No
EMP0059,44,Male,Human Resources,HR Executive,12798,6,Bachelor's,Married,3,1,No,4,8,5,2,No
EMP0060,31,Male,Marketing,Marketing Executive,8408,6,Bachelor's,Married,3,4,Yes,4,5,4,4,No
EMP0061,26,Male,Research & Development,Laboratory Technician,9873,8,Bachelor's,Married,2,4,Yes,4,22,6,3,No
EMP0062,26,Male,Sales,Sales Representative,7842,2,High School,Divorced,2,3,No,3,27,1,3,No
EMP0063,42,Female,Research & Development,Laboratory Technician,5693,1,Master's,Married,2,4,Yes,3,17,3,1,Yes
EMP0064,27,Female,Sales,Sales Executive,4498,2,Bachelor's,Single,4,3,No,3,17,4,1,No
EMP0065,21,Female,IT,Software Engineer,12882,3,Master's,Married,3,3,Yes,3,23,6,3,No
EMP0066,43,Male,IT,Manager,7536,1,Bachelor's,Married,3,3,No,3,25,6,1,No
EMP0067,43,Male,IT,Manager,18956,16,Bachelor's,Single,4,1,Yes,3,23,1,3,No
EMP0068,41,Male,Sales,Sales Representative,9767,8,Bachelor's,Married,4,3,Yes,3,23,6,4,No
EMP0069,41,Male,Research & Development,Research Scientist,10044,8,Bachelor's,Married,1,2,Yes,3,8,1,1,No
EMP0070,29,Female,Marketing,Marketing Executive,5099,0,Master's,Single,2,4,Yes,3,6,1,1,No
EMP0071,46,Female,Sales,Sales Executive,11576,5,Bachelor's,Married,3,2,No,3,28,5,2,No
EMP0072,29,Female,Sales,Sales Representative,4418,1,PhD,Married,4,4,No,3,3,5,2,No
EMP0073,38,Female,Sales,Sales Executive,3765,0,Master's,Married,2,3,No,3,26,1,1,No
EMP0074,39,Male,Finance,Financial Analyst,9087,8,Bachelor's,Divorced,4,3,Yes,3,19,4,4,No
EMP0075,42,Male,Research & Development,Research Scientist,9415,6,Master's,Single,1,1,No,3,6,0,2,No
EMP0076,23,Female,Finance,Financial Analyst,11640,1,Master's,Single,3,1,No,2,8,1,3,No
EMP0077,44,Male,Research & Development,Research Scientist,9735,2,Bachelor's,Married,4,4,No,4,11,1,3,No
EMP0078,40,Female,IT,Software Engineer,8809,4,PhD,Married,2,2,Yes,4,30,2,3,No
EMP0079,29,Female,Marketing,Marketing Executive,10386,3,Master's,Single,1,4,No,4,10,5,1,No
EMP0080,25,Female,Sales,Sales Executive,5058,1,Bachelor's,Divorced,1,4,Yes,4,9,6,1,No
EMP0081,41,Male,IT,Software Engineer,12414,14,Master's,Married,3,2,No,2,20,3,3,No
EMP0082,29,Female,Human Resources,HR Executive,5871,1,PhD,Single,3,4,No,1,15,6,1,No
EMP0083,27,Male,Research & Development,Laboratory Technician,10948,8,Master's,Single,2,1,Yes,3,9,3,2,No
EMP0084,38,Female,Sales,Manager,14750,4,High School,Single,3,2,No,3,8,2,1,Yes
EMP0085,33,Female,Finance,Financial Analyst,9989,3,Bachelor's,Divorced,1,3,No,3,2,2,1,No
EMP0086,30,Female,Research & Development,Research Scientist,5239,1,Bachelor's,Divorced,1,2,Yes,3,28,6,1,No
EMP0087,35,Male,Sales,Sales Representative,6225,0,Master's,Single,2,2,No,3,2,4,2,No
EMP0088,31,Female,Finance,Financial Analyst,10044,7,PhD,Married,2,1,No,3,28,6,2,No
EMP0089,31,Female,Sales,Sales Executive,8614,4,Master's,Single,1,2,No,1,18,5,4,No
EMP0090,46,Male,IT,Software Engineer,8631,5,Master's,Married,2,2,Yes,4,17,2,1,No
EMP0091,42,Female,Sales,Sales Executive,9308,1,Bachelor's,Single,1,2,Yes,3,21,6,4,No
EMP0092,32,Female,Marketing,Marketing Executive,7583,1,Bachelor's,Divorced,4,1,No,3,15,3,4,No
EMP0093,37,Female,IT,IT Support,9393,4,High School,Single,4,4,Yes,4,3,3,2,No
EMP0094,33,Female,Finance,Financial Analyst,3924,0,Master's,Married,2,1,Yes,3,11,4,1,Yes
EMP0095,43,Female,Marketing,Marketing Specialist,14585,15,High School,Married,1,4,No,3,9,0,4,No
EMP0096,34,Female,Sales,Sales Executive,9595,10,Master's,Married,2,1,No,3,7,1,2,No
EMP0097,35,Female,Sales,Sales Representative,9884,4,Master's,Married,3,4,No,4,8,1,4,No
EMP0098,44,Male,Finance,Finance Executive,8685,3,Bachelor's,Married,3,1,Yes,3,18,5,4,No
EMP0099,38,Male,Research & Development,Research Scientist,8075,2,Bachelor's,Single,4,3,Yes,1,19,5,1,No
EMP0100,23,Female,Research & Development,Research Scientist,8083,5,Master's,Married,1,2,No,3,24,3,1,No
EMP0101,30,Female,Human Resources,HR Executive,7537,2,Bachelor's,Married,4,2,No,3,7,1,3,No
EMP0102,39,Male,Research & Development,Laboratory Technician,6108,2,Bachelor's,Single,2,3,No,3,2,6,1,No
EMP0103,48,Female,Research & Development,Laboratory Technician,8092,0,Bachelor's,Married,1,3,No,3,3,4,1,No
EMP0104,32,Male,Sales,Sales Executive,9191,2,Bachelor's,Single,1,2,No,2,5,3,4,No
EMP0105,38,Female,Research & Development,Laboratory Technician,5773,7,PhD,Single,4,4,No,4,6,3,3,No
EMP0106,24,Female,Sales,Sales Executive,7632,0,Master's,Single,3,1,Yes,3,12,1,4,No
EMP0107,21,Female,Research & Development,Manager,13256,3,Master's,Single,3,4,No,2,30,4,4,No
EMP0108,30,Male,Sales,Sales Representative,10831,12,Master's,Divorced,3,2,No,4,11,1,2,No
EMP0109,38,Male,IT,Software Engineer,10353,8,Master's,Divorced,4,1,No,3,2,1,4,Yes
EMP0110,29,Male,IT,Software Engineer,8161,5,Master's,Single,2,2,No,3,2,1,1,No
EMP0111,42,Female,Research & Development,Laboratory Technician,5668,4,High School,Married,3,1,No,3,1,0,4,No
EMP0112,34,Female,Sales,Sales Representative,10766,3,Bachelor's,Single,4,4,No,4,29,1,1,No
EMP0113,46,Male,Human Resources,HR Executive,9785,6,Master's,Married,3,1,No,3,16,6,1,No
EMP0114,30,Female,Sales,Sales Executive,7530,4,Master's,Married,1,4,No,4,28,2,4,No
EMP0115,25,Female,Marketing,Marketing Specialist,9763,7,Bachelor's,Single,3,1,Yes,3,17,1,1,No
EMP0116,25,Female,IT,Software Engineer,6623,0,Bachelor's,Divorced,2,2,No,3,26,0,3,No
EMP0117,27,Female,IT,IT Support,7295,6,Bachelor's,Single,4,4,No,3,19,3,2,No
EMP0118,23,Female,IT,Software Engineer,7209,1,Bachelor's,Single,3,4,Yes,3,9,5,1,No
EMP0119,19,Male,Finance,Finance Executive,3396,1,Master's,Single,3,3,No,3,4,1,2,No
EMP0120,20,Male,Finance,Finance Executive,5144,2,Bachelor's,Married,3,4,No,3,28,4,4,No
EMP0121,23,Female,Finance,Financial Analyst,6159,0,High School,Divorced,4,2,No,4,23,5,4,Yes
EMP0122,31,Male,Finance,Finance Executive,5258,2,High School,Divorced,3,4,Yes,3,8,3,3,No
EMP0123,27,Female,Sales,Sales Representative,10170,5,Master's,Single,4,2,Yes,3,1,4,4,No
EMP0124,28,Female,Research & Development,Research Scientist,10570,10,Master's,Married,1,1,No,3,23,1,4,No
EMP0125,34,Male,Marketing,Manager,11721,2,Bachelor's,Single,4,2,No,3,16,6,4,No
EMP0126,34,Female,IT,Software Engineer,10406,8,Bachelor's,Married,1,1,No,4,14,0,2,No
EMP0127,29,Female,Research & Development,Research Scientist,6163,0,Bachelor's,Married,1,3,No,3,28,4,3,No
EMP0128,20,Female,Sales,Sales Executive,9661,2,Bachelor's,Married,1,3,Yes,2,30,2,2,Yes
EMP0129,28,Female,Sales,Sales Executive,8038,0,Bachelor's,Married,4,4,No,3,8,0,1,No
EMP0130,30,Female,IT,IT Support,11138,5,Bachelor's,Single,3,3,No,3,7,4,1,No
EMP0131,47,Male,Research & Development,Laboratory Technician,8379,1,High School,Single,1,1,No,3,13,4,1,No
EMP0132,20,Male,Research & Development,Laboratory Technician,6491,0,Bachelor's,Married,2,4,No,3,18,2,1,No
EMP0133,28,Male,Marketing,Manager,15121,5,Bachelor's,Married,4,4,Yes,3,26,3,4,No
EMP0134,33,Male,Research & Development,Research Scientist,12757,10,Master's,Married,1,4,No,3,8,4,4,Yes
EMP0135,18,Male,Sales,Sales Executive,6834,0,Bachelor's,Married,4,3,No,4,19,3,3,No
EMP0136,34,Female,Sales,Sales Executive,9923,11,Bachelor's,Single,4,4,Yes,4,15,1,3,No
EMP0137,31,Male,Marketing,Marketing Executive,7736,0,High School,Married,3,4,Yes,3,16,3,2,Yes
EMP0138,18,Male,Sales,Sales Executive,8253,0,Master's,Single,4,2,No,3,19,5,1,No
EMP0139,51,Female,Marketing,Marketing Executive,8189,1,Master's,Single,2,4,No,3,23,3,4,No
EMP0140,36,Male,Human Resources,HR Specialist,5271,0,Master's,Married,2,3,No,2,12,4,2,No
EMP0141,35,Male,Sales,Sales Executive,9458,10,Bachelor's,Single,1,3,Yes,3,8,0,4,No
EMP0142,42,Female,Marketing,Marketing Specialist,8555,8,Master's,Married,3,3,No,3,9,3,4,Yes
EMP0143,40,Female,Sales,Sales Representative,11669,7,Master's,Single,3,3,No,3,26,3,3,No
EMP0144,30,Female,Sales,Sales Representative,5274,2,Master's,Married,3,4,No,3,5,1,3,No
EMP0145,33,Male,IT,Software Engineer,8862,0,Bachelor's,Single,2,4,No,3,6,4,3,No
EMP0146,33,Female,Research & Development,Research Scientist,8080,4,Master's,Single,3,3,No,4,13,0,1,No
EMP0147,43,Female,Research & Development,Laboratory Technician,4812,4,Bachelor's,Married,1,4,No,3,13,2,1,No
EMP0148,30,Female,Research & Development,Manager,12629,10,High School,Divorced,1,4,Yes,3,10,4,4,Yes
EMP0149,30,Female,Marketing,Marketing Specialist,6777,2,Bachelor's,Single,4,4,No,1,24,3,2,No
EMP0150,25,Male,IT,Manager,10664,7,Bachelor's,Single,2,4,Yes,3,11,3,2,No
EMP0151,40,Male,IT,Software Engineer,6245,3,Bachelor's,Divorced,4,3,No,3,26,3,4,No
EMP0152,29,Female,Sales,Sales Representative,5034,1,High School,Married,1,4,No,2,1,1,1,No
EMP0153,30,Male,Human Resources,Manager,9836,3,Bachelor's,Married,3,2,No,3,14,5,2,No
EMP0154,33,Male,Sales,Sales Executive,11214,6,Bachelor's,Single,4,4,No,2,27,1,3,Yes
EMP0155,40,Female,Marketing,Marketing Executive,7956,0,Master's,Married,4,1,No,2,14,2,1,No
EMP0156,23,Male,Human Resources,HR Executive,5740,2,Bachelor's,Single,3,2,No,3,27,1,3,No
EMP0157,27,Female,Sales,Sales Executive,8631,1,Bachelor's,Married,1,3,Yes,4,18,1,4,No
EMP0158,34,Female,Research & Development,Manager,10490,4,PhD,Married,3,4,No,3,16,2,1,No
EMP0159,25,Male,Sales,Sales Representative,9126,6,High School,Single,2,4,No,4,27,6,4,Yes
EMP0160,36,Male,IT,Software Engineer,7265,2,Master's,Single,1,4,No,2,28,3,1,No
EMP0161,34,Male,Research & Development,Laboratory Technician,8825,1,Bachelor's,Married,4,4,Yes,3,3,3,2,No
EMP0162,40,Female,Research & Development,Laboratory Technician,11663,9,Master's,Single,3,3,Yes,3,2,1,3,No
EMP0163,40,Female,Finance,Manager,10769,1,Bachelor's,Married,3,3,Yes,3,21,5,4,No
EMP0164,40,Male,Sales,Manager,11623,0,Bachelor's,Married,3,3,No,3,14,3,1,No
EMP0165,30,Female,Human Resources,HR Executive,11778,12,PhD,Married,2,4,No,4,3,1,3,No
EMP0166,51,Female,Human Resources,HR Specialist,8357,2,Bachelor's,Married,4,2,Yes,2,17,5,1,Yes
EMP0167,39,Male,Sales,Sales Executive,9249,0,Bachelor's,Married,4,4,No,3,22,0,4,No
EMP0168,40,Male,Research & Development,Research Scientist,7067,4,High School,Divorced,1,1,Yes,2,12,0,1,Yes
EMP0169,25,Female,Sales,Manager,11702,2,Master's,Single,4,1,Yes,4,6,3,1,No
EMP0170,32,Female,Sales,Sales Representative,9650,14,Master's,Single,4,3,No,4,18,0,1,No
EMP0171,52,Female,Research & Development,Research Scientist,6938,3,Master's,Married,4,1,No,3,29,5,1,Yes
EMP0172,22,Male,Research & Development,Research Scientist,6829,2,Master's,Married,2,2,Yes,3,17,0,1,Yes
EMP0173,33,Male,Sales,Sales Representative,11287,13,Bachelor's,Married,1,1,No,3,8,4,1,No
EMP0174,35,Female,Marketing,Marketing Specialist,7643,5,Master's,Single,2,4,No,3,18,4,3,No
EMP0175,35,Male,Sales,Sales Executive,9545,5,Master's,Married,2,3,No,1,18,2,2,No
EMP0176,34,Male,Sales,Manager,9659,0,Bachelor's,Married,1,1,No,3,1,6,1,No
EMP0177,41,Female,Research & Development,Laboratory Technician,9518,5,Master's,Married,2,4,No,3,21,5,2,No
EMP0178,19,Male,IT,Manager,10202,1,Master's,Single,2,3,No,3,1,6,2,No
EMP0179,35,Male,IT,Manager,8091,2,Bachelor's,Married,3,3,No,3,11,0,1,No
EMP0180,34,Male,Finance,Finance Executive,7252,0,Bachelor's,Married,2,3,Yes,4,27,1,3,Yes
EMP0181,22,Female,Sales,Sales Representative,5234,3,High School,Divorced,2,4,No,3,29,4,3,No
EMP0182,55,Male,IT,Manager,7749,0,Bachelor's,Single,1,3,No,3,2,4,3,No
EMP0183,41,Female,Marketing,Marketing Specialist,3215,0,Master's,Married,3,1,No,3,19,4,1,No
EMP0184,30,Male,Finance,Financial Analyst,7659,3,Master's,Single,4,2,Yes,4,21,1,3,No
EMP0185,28,Female,IT,Software Engineer,12571,10,Bachelor's,Single,4,2,Yes,3,16,3,4,No
EMP0186,29,Male,Research & Development,Research Scientist,10323,3,Master's,Married,1,3,No,4,14,2,2,No
EMP0187,43,Male,Marketing,Marketing Executive,11081,11,High School,Married,3,3,No,3,13,6,2,No
EMP0188,27,Male,Finance,Finance Executive,7682,1,PhD,Married,4,4,No,3,24,5,1,No
EMP0189,38,Female,IT,Software Engineer,7788,0,Bachelor's,Married,4,4,No,3,1,3,3,No
EMP0190,50,Female,Research & Development,Laboratory Technician,9712,4,Master's,Married,4,2,Yes,2,6,1,4,Yes
EMP0191,21,Male,Sales,Sales Executive,5577,1,Bachelor's,Single,3,3,No,4,30,6,3,Yes
EMP0192,20,Female,Finance,Manager,14065,2,High School,Married,2,3,No,3,30,1,2,No
EMP0193,37,Female,Research & Development,Laboratory Technician,9209,4,Bachelor's,Married,3,4,Yes,3,18,3,3,No
EMP0194,28,Female,Sales,Sales Representative,6977,1,Bachelor's,Single,2,1,Yes,3,9,5,1,No
EMP0195,30,Female,Research & Development,Research Scientist,11223,7,High School,Married,3,3,No,4,16,3,3,No
EMP0196,27,Female,Marketing,Marketing Specialist,7688,1,Bachelor's,Married,3,1,Yes,3,11,0,4,No
EMP0197,33,Male,Finance,Manager,10153,2,Master's,Married,4,1,No,2,14,2,4,Yes
EMP0198,38,Female,IT,Manager,10300,3,Master's,Married,4,2,Yes,3,13,4,2,No
EMP0199,46,Male,Research & Development,Laboratory Technician,5579,1,Bachelor's,Married,4,1,No,3,25,0,2,No
EMP0200,32,Female,Sales,Sales Executive,6060,3,Bachelor's,Married,3,2,No,3,24,4,3,No
EMP0201,34,Male,Research & Development,Laboratory Technician,16485,16,High School,Single,3,2,Yes,3,30,0,2,No
EMP0202,24,Female,IT,Software Engineer,3858,0,Master's,Married,3,1,No,4,15,2,1,No
EMP0203,30,Female,Research & Development,Research Scientist,6626,1,PhD,Married,2,2,No,3,23,3,2,No
EMP0204,23,Female,Marketing,Marketing Executive,5840,1,Master's,Married,2,1,No,3,13,2,3,No
EMP0205,39,Female,Finance,Financial Analyst,6523,1,Master's,Married,4,1,No,3,18,1,1,No
EMP0206,21,Female,Sales,Manager,12682,3,Bachelor's,Single,1,2,Yes,3,22,5,2,No
EMP0207,37,Female,Sales,Sales Executive,7617,1,Bachelor's,Married,2,1,Yes,4,16,2,2,No
EMP0208,35,Female,Finance,Financial Analyst,7024,1,Master's,Single,3,1,No,4,11,2,1,No
EMP0209,39,Female,Human Resources,HR Specialist,6422,5,Bachelor's,Divorced,3,4,No,3,22,3,1,No
EMP0210,28,Male,Sales,Sales Representative,8598,9,High School,Single,4,4,Yes,3,25,4,3,No
EMP0211,28,Male,Research & Development,Manager,14278,2,Bachelor's,Married,1,2,No,4,27,1,2,No
EMP0212,28,Female,Research & Development,Laboratory Technician,9924,10,Master's,Single,4,3,No,2,9,4,2,No
EMP0213,49,Male,Marketing,Marketing Specialist,5034,3,Bachelor's,Married,2,3,No,3,15,6,3,No
EMP0214,37,Male,Human Resources,HR Executive,4564,1,Bachelor's,Married,3,4,No,2,25,2,4,No
EMP0215,43,Male,IT,IT Support,7722,7,High School,Single,2,4,Yes,4,23,4,4,No
EMP0216,39,Female,IT,Software Engineer,1894,0,Master's,Divorced,2,4,Yes,3,29,3,3,No
EMP0217,39,Female,Sales,Sales Representative,8232,2,Master's,Married,2,2,No,3,27,2,2,No
EMP0218,45,Male,Marketing,Marketing Specialist,5653,5,PhD,Single,3,3,No,3,27,1,3,No
EMP0219,42,Female,Research & Development,Laboratory Technician,7853,7,Master's,Married,2,1,No,3,4,0,1,No
EMP0220,42,Male,Research & Development,Manager,16713,9,Master's,Married,1,2,No,2,13,5,2,No
EMP0221,33,Male,IT,IT Support,8603,2,High School,Married,3,4,No,3,18,0,3,No
EMP0222,40,Female,Marketing,Marketing Executive,8297,8,Bachelor's,Married,1,1,No,1,1,4,3,No
EMP0223,30,Female,Human Resources,HR Executive,5397,1,Master's,Divorced,4,2,No,3,7,5,4,No
EMP0224,34,Male,Sales,Sales Representative,5798,1,High School,Married,3,1,No,3,1,4,1,No
EMP0225,25,Male,Research & Development,Research Scientist,8724,0,Bachelor's,Married,3,3,No,3,22,6,3,No
EMP0226,29,Male,Sales,Sales Executive,8446,11,Master's,Married,2,2,No,2,6,1,1,No
EMP0227,22,Male,Research & Development,Research Scientist,5779,1,High School,Single,1,3,Yes,3,10,5,2,Yes
EMP0228,35,Male,Marketing,Marketing Executive,6837,4,Master's,Married,3,2,Yes,1,3,5,3,No
EMP0229,42,Female,Research & Development,Research Scientist,13288,14,Bachelor's,Married,2,1,Yes,4,22,2,4,Yes
EMP0230,34,Female,Finance,Financial Analyst,6489,1,PhD,Single,4,3,No,3,13,5,2,No
EMP0231,35,Female,Sales,Sales Executive,11234,12,Master's,Married,4,3,Yes,3,9,2,2,No
EMP0232,36,Female,Research & Development,Laboratory Technician,7522,0,Master's,Married,3,1,Yes,3,16,1,4,No
EMP0233,37,Female,Finance,Financial Analyst,13199,13,High School,Single,1,4,Yes,3,1,6,4,No
EMP0234,20,Male,Marketing,Marketing Specialist,7912,2,Master's,Married,2,1,No,3,21,1,1,No
EMP0235,29,Female,Research & Development,Laboratory Technician,8947,2,High School,Married,1,1,No,3,29,2,2,Yes
EMP0236,28,Male,Research & Development,Laboratory Technician,5613,0,High School,Single,1,1,Yes,3,7,2,1,No
EMP0237,57,Male,Research & Development,Research Scientist,9640,2,Bachelor's,Single,3,2,No,3,23,5,4,No
EMP0238,42,Female,Human Resources,Manager,8497,3,Bachelor's,Married,2,1,No,3,17,3,3,No
EMP0239,38,Female,Sales,Sales Representative,5296,1,Bachelor's,Single,3,1,Yes,1,2,4,2,No
EMP0240,31,Male,Sales,Sales Executive,8164,2,Bachelor's,Single,4,3,Yes,3,28,2,2,No
EMP0241,42,Female,Sales,Manager,15659,2,Bachelor's,Divorced,2,1,No,3,15,1,1,No
EMP0242,36,Male,Finance,Financial Analyst,4849,0,Bachelor's,Married,1,3,Yes,3,7,4,1,No
EMP0243,54,Male,Research & Development,Research Scientist,6298,4,Master's,Married,4,2,Yes,1,28,0,4,No
EMP0244,32,Female,Human Resources,HR Executive,9524,1,Master's,Single,2,1,No,3,21,5,2,No
EMP0245,40,Female,Sales,Manager,14605,17,PhD,Married,4,4,No,2,2,4,1,No
EMP0246,23,Female,Research & Development,Research Scientist,3852,0,Bachelor's,Married,2,4,No,3,26,6,3,No
EMP0247,38,Female,Human Resources,HR Executive,9053,3,Master's,Single,1,4,No,3,5,4,2,No
EMP0248,46,Female,Sales,Sales Representative,5417,2,Bachelor's,Married,2,1,Yes,3,3,4,4,No
EMP0249,26,Male,Sales,Sales Executive,8629,1,Bachelor's,Single,3,1,Yes,2,30,5,4,No
EMP0250,38,Female,IT,Software Engineer,11505,7,Bachelor's,Single,4,2,No,3,6,2,2,No
EMP0251,21,Female,IT,Software Engineer,8962,3,Bachelor's,Single,3,3,No,3,6,3,2,No
EMP0252,41,Male,Research & Development,Research Scientist,9732,8,Master's,Divorced,4,4,No,3,25,5,3,No
EMP0253,37,Male,IT,IT Support,3735,0,Bachelor's,Single,4,3,No,3,27,4,2,Yes
EMP0254,33,Female,Research & Development,Research Scientist,9407,7,Master's,Married,3,2,No,3,3,5,2,Yes
EMP0255,42,Female,Sales,Sales Representative,11936,4,Master's,Married,1,1,No,3,29,4,3,No
EMP0256,36,Female,Sales,Sales Representative,3169,1,High School,Married,3,1,No,3,17,1,4,No
EMP0257,38,Male,Finance,Finance Executive,6211,0,Master's,Married,1,3,No,3,9,5,2,No
EMP0258,49,Female,Sales,Sales Representative,9594,9,Master's,Divorced,2,2,Yes,3,23,2,3,No
EMP0259,25,Female,Human Resources,HR Executive,7737,4,High School,Married,2,2,No,3,8,3,4,No
EMP0260,24,Female,Sales,Sales Representative,10320,6,Bachelor's,Married,3,4,Yes,3,24,6,1,No
EMP0261,31,Female,Finance,Finance Executive,5845,2,Bachelor's,Single,4,1,No,4,29,2,2,No
EMP0262,43,Male,Human Resources,HR Executive,11382,21,Bachelor's,Single,1,4,Yes,1,23,2,2,No
EMP0263,30,Female,Research & Development,Research Scientist,7276,1,Master's,Married,2,4,Yes,3,24,6,4,Yes
EMP0264,46,Male,Finance,Financial Analyst,6741,1,Bachelor's,Married,4,3,Yes,2,23,0,1,No
EMP0265,29,Male,Research & Development,Research Scientist,5884,3,Master's,Divorced,4,4,No,2,15,6,3,No
EMP0266,50,Female,Sales,Sales Executive,7592,4,Bachelor's,Married,2,3,No,2,16,1,4,No
EMP0267,34,Female,Marketing,Manager,16120,6,Bachelor's,Single,4,2,No,3,28,6,4,No
EMP0268,33,Female,IT,Software Engineer,9511,2,Master's,Single,4,2,No,3,23,5,1,No
EMP0269,37,Female,Sales,Sales Representative,7342,0,High School,Divorced,1,3,Yes,2,26,3,3,No
EMP0270,28,Female,IT,IT Support,8675,3,Bachelor's,Single,3,1,Yes,3,18,2,1,No
EMP0271,46,Female,Marketing,Marketing Executive,6129,0,Master's,Single,2,2,No,3,7,4,4,No
EMP0272,35,Female,Sales,Sales Executive,4464,4,PhD,Divorced,1,4,No,3,23,3,2,No
EMP0273,28,Female,IT,IT Support,5827,3,Bachelor's,Single,1,2,No,2,27,5,4,No
EMP0274,36,Female,Human Resources,HR Specialist,7980,9,High School,Single,4,3,No,3,6,4,1,No
EMP0275,24,Male,Research & Development,Research Scientist,4694,0,Bachelor's,Married,3,4,No,3,24,5,4,No
EMP0276,29,Female,Research & Development,Manager,9609,5,Bachelor's,Married,1,1,No,3,19,1,4,No
EMP0277,36,Female,Sales,Manager,16900,13,Bachelor's,Divorced,2,4,Yes,2,15,3,3,No
EMP0278,23,Male,Sales,Sales Executive,8036,0,Bachelor's,Married,4,1,Yes,4,17,6,3,No
EMP0279,27,Male,IT,Software Engineer,8771,1,Master's,Single,4,1,No,3,3,1,1,No
EMP0280,36,Female,Human Resources,HR Executive,6732,0,Bachelor's,Single,3,2,No,3,26,4,2,No
EMP0281,34,Male,Finance,Financial Analyst,11138,6,High School,Single,4,2,No,4,8,6,3,No
EMP0282,22,Female,Research & Development,Research Scientist,9097,4,Master's,Married,2,1,No,3,11,3,4,No
EMP0283,44,Female,Human Resources,HR Executive,5858,0,Bachelor's,Married,2,1,Yes,2,20,0,4,No
EMP0284,42,Male,Research & Development,Laboratory Technician,9251,8,High School,Married,2,3,No,3,15,0,1,No
EMP0285,29,Female,Human Resources,HR Specialist,7757,8,High School,Married,2,1,No,3,21,2,4,No
EMP0286,25,Male,Finance,Manager,11769,5,Bachelor's,Married,2,2,No,4,14,4,3,No
EMP0287,24,Male,Sales,Sales Representative,9966,5,Bachelor's,Married,2,4,Yes,3,29,0,3,No
EMP0288,26,Male,Human Resources,HR Executive,5675,1,Master's,Single,4,3,Yes,4,4,4,2,No
EMP0289,26,Female,Research & Development,Manager,12593,8,Bachelor's,Single,3,4,No,3,29,0,4,No
EMP0290,41,Female,IT,Software Engineer,8506,5,Bachelor's,Single,2,2,No,2,12,3,1,No
EMP0291,32,Male,Human Resources,HR Executive,11365,10,Bachelor's,Married,3,3,No,3,4,6,4,No
EMP0292,44,Male,IT,Manager,10596,1,PhD,Single,3,2,Yes,3,23,5,1,No
EMP0293,37,Female,Finance,Financial Analyst,4034,2,Bachelor's,Single,4,2,Yes,3,25,1,2,No
EMP0294,24,Female,Sales,Sales Representative,7569,1,PhD,Married,3,1,No,4,23,0,4,No
EMP0295,18,Female,Sales,Sales Executive,8872,0,Bachelor's,Divorced,2,4,Yes,3,15,6,4,No
EMP0296,25,Male,Human Resources,HR Executive,11331,7,Bachelor's,Single,3,3,No,1,12,4,2,No
EMP0297,33,Male,IT,Manager,10286,2,Bachelor's,Single,4,1,Yes,2,10,6,1,No
EMP0298,36,Female,Research & Development,Research Scientist,7965,8,Master's,Single,3,3,Yes,2,6,6,4,No
EMP0299,26,Female,Sales,Sales Executive,9844,5,Bachelor's,Married,1,4,No,4,4,0,3,Yes
EMP0300,30,Male,IT,IT Support,8628,0,Bachelor's,Divorced,2,3,No,3,29,3,2,Yes
EMP0301,41,Female,Marketing,Marketing Specialist,14293,10,Bachelor's,Married,3,3,No,3,20,1,2,No
EMP0302,41,Male,Sales,Manager,13777,4,Master's,Married,4,3,Yes,3,17,0,3,No
EMP0303,28,Female,IT,IT Support,6984,1,Master's,Single,2,3,No,2,3,1,3,No
EMP0304,39,Female,Sales,Sales Executive,6850,1,High School,Married,4,1,No,3,22,4,2,No
EMP0305,32,Male,Research & Development,Research Scientist,8810,3,Bachelor's,Single,1,2,Yes,3,20,6,4,No
EMP0306,35,Female,Research & Development,Laboratory Technician,9988,4,Bachelor's,Married,4,1,Yes,2,18,5,2,No
EMP0307,21,Female,Marketing,Marketing Specialist,9423,3,Bachelor's,Single,4,2,No,3,13,2,4,No
EMP0308,39,Female,Research & Development,Research Scientist,11071,9,Bachelor's,Divorced,1,3,Yes,3,17,0,2,No
EMP0309,39,Male,Finance,Financial Analyst,5910,0,Master's,Divorced,3,1,No,2,30,6,4,No
EMP0310,46,Male,Human Resources,HR Specialist,14443,22,PhD,Married,3,1,No,3,12,6,4,No
EMP0311,33,Male,Sales,Sales Executive,8709,1,Bachelor's,Married,1,3,No,3,20,5,4,No
EMP0312,21,Female,Finance,Financial Analyst,8698,3,Bachelor's,Married,3,2,No,2,11,4,1,Yes
EMP0313,36,Male,IT,Software Engineer,5144,3,PhD,Married,3,2,No,3,9,3,4,Yes
EMP0314,37,Female,Sales,Sales Executive,7526,3,Bachelor's,Single,3,4,No,3,17,1,4,No
EMP0315,42,Female,Marketing,Marketing Executive,8748,2,Bachelor's,Divorced,3,1,No,3,16,0,1,No
EMP0316,24,Female,Finance,Manager,13857,2,Bachelor's,Single,1,3,No,3,11,6,1,No
EMP0317,26,Male,Sales,Sales Executive,6496,0,Master's,Married,4,1,No,3,25,2,2,No
EMP0318,46,Female,Research & Development,Research Scientist,5449,0,Bachelor's,Single,1,1,Yes,3,16,4,2,No
EMP0319,46,Female,Finance,Financial Analyst,8585,1,Bachelor's,Married,3,2,No,2,8,4,4,No
EMP0320,42,Female,Finance,Financial Analyst,7701,2,Bachelor's,Married,1,1,No,3,16,6,1,No
EMP0321,26,Female,Marketing,Marketing Executive,7649,5,Bachelor's,Married,3,2,No,3,6,5,4,Yes
EMP0322,38,Female,Marketing,Marketing Executive,9706,2,High School,Single,2,1,Yes,2,11,5,1,No
EMP0323,46,Male,Sales,Sales Executive,10980,11,High School,Single,4,3,Yes,3,27,1,4,No
EMP0324,31,Male,Marketing,Marketing Executive,6888,1,Master's,Married,3,2,Yes,3,19,6,1,No
EMP0325,35,Female,IT,Software Engineer,9617,2,Bachelor's,Married,3,1,Yes,2,10,3,1,No
EMP0326,27,Female,Marketing,Manager,11230,3,Bachelor's,Single,3,1,Yes,3,16,4,3,No
EMP0327,18,Female,Marketing,Marketing Specialist,8932,0,Master's,Married,4,2,No,3,18,3,1,No
EMP0328,42,Male,Sales,Sales Executive,8159,0,Bachelor's,Married,2,1,Yes,3,27,3,3,No
EMP0329,31,Male,Research & Development,Laboratory Technician,12455,13,High School,Single,4,3,No,3,24,6,2,No
EMP0330,22,Female,IT,IT Support,13061,4,Master's,Married,3,1,No,3,11,2,3,No
EMP0331,36,Female,Sales,Sales Executive,6390,0,Master's,Divorced,2,3,No,3,28,3,3,No
EMP0332,31,Male,Sales,Sales Representative,5924,3,Bachelor's,Single,1,2,No,4,16,3,4,No
EMP0333,29,Male,Marketing,Manager,11137,5,Bachelor's,Married,3,3,No,3,11,1,3,No
EMP0334,43,Male,Finance,Financial Analyst,7176,4,Bachelor's,Single,2,3,No,3,21,1,4,No
EMP0335,26,Female,Marketing,Marketing Executive,7971,1,Bachelor's,Married,1,2,No,3,6,4,3,No
EMP0336,26,Male,Sales,Sales Executive,8980,0,Bachelor's,Married,3,2,No,3,17,3,2,No
EMP0337,25,Female,IT,IT Support,5398,1,Bachelor's,Single,1,2,Yes,3,18,1,1,No
EMP0338,41,Male,IT,Software Engineer,10548,6,Master's,Divorced,2,4,Yes,3,15,3,3,No
EMP0339,33,Male,Sales,Sales Executive,10098,4,Master's,Single,2,3,No,4,10,4,2,No
EMP0340,27,Male,Sales,Manager,9705,0,Bachelor's,Married,1,4,No,3,10,3,4,Yes
EMP0341,38,Male,Sales,Manager,11787,1,Master's,Married,3,1,No,3,18,3,4,Yes
EMP0342,18,Female,Finance,Financial Analyst,6584,0,Master's,Divorced,2,4,No,2,27,3,3,No
EMP0343,21,Male,Research & Development,Laboratory Technician,4417,0,PhD,Divorced,3,2,Yes,3,28,3,3,No
EMP0344,30,Female,IT,Software Engineer,8089,0,High School,Married,2,4,Yes,3,30,1,4,No
EMP0345,30,Male,Sales,Sales Representative,10895,7,Bachelor's,Single,3,1,No,3,8,5,4,No
EMP0346,31,Male,IT,Software Engineer,8389,0,Bachelor's,Married,3,2,No,2,4,4,1,No
EMP0347,43,Male,IT,IT Support,9303,2,PhD,Married,1,4,No,2,18,5,2,No
EMP0348,41,Female,Finance,Financial Analyst,6086,2,Bachelor's,Married,4,4,Yes,3,1,1,2,No
EMP0349,59,Female,Research & Development,Manager,15154,0,Bachelor's,Married,4,3,Yes,2,14,0,4,No
EMP0350,26,Male,Sales,Sales Representative,11139,3,Bachelor's,Divorced,2,3,No,3,2,5,2,No
EMP0351,31,Male,Research & Development,Research Scientist,4523,1,High School,Married,1,3,No,3,22,1,3,No
EMP0352,34,Female,Marketing,Marketing Executive,5524,2,Bachelor's,Single,3,3,No,3,9,6,4,No
EMP0353,44,Female,Sales,Sales Executive,6593,2,Master's,Married,1,3,No,3,15,1,3,No
EMP0354,35,Female,Marketing,Marketing Executive,11223,17,Bachelor's,Married,4,2,Yes,3,14,0,3,No
EMP0355,27,Male,Research & Development,Laboratory Technician,5132,0,Master's,Married,3,2,No,3,3,5,2,No
EMP0356,25,Female,Research & Development,Research Scientist,5044,1,Master's,Single,1,3,No,2,24,6,3,No
EMP0357,38,Male,IT,Software Engineer,5757,0,Master's,Divorced,1,2,Yes,3,1,3,2,No
EMP0358,27,Female,Sales,Sales Executive,4767,2,Master's,Married,2,4,Yes,3,10,1,1,No
EMP0359,27,Male,Finance,Financial Analyst,7575,2,High School,Single,1,1,Yes,3,7,6,4,No
EMP0360,37,Male,Research & Development,Manager,10011,0,Bachelor's,Divorced,3,2,No,3,26,2,3,No
EMP0361,43,Female,Marketing,Manager,11865,0,Master's,Married,1,1,No,3,7,1,3,No
EMP0362,27,Male,Sales,Sales Executive,6905,5,Master's,Single,4,4,No,3,27,3,1,No
EMP0363,44,Male,Sales,Manager,9007,0,Bachelor's,Single,3,2,No,1,5,2,1,No
EMP0364,31,Male,Human Resources,HR Executive,8898,1,Bachelor's,Divorced,4,1,No,2,18,5,4,No
EMP0365,30,Female,Human Resources,HR Executive,11127,12,Bachelor's,Single,2,1,No,3,4,1,3,No
EMP0366,37,Female,Research & Development,Research Scientist,5940,0,Master's,Married,2,1,No,3,17,1,4,No
EMP0367,42,Female,Research & Development,Research Scientist,7964,7,High School,Married,2,3,No,3,22,6,2,No
EMP0368,32,Female,Research & Development,Research Scientist,7189,4,Bachelor's,Married,3,4,No,3,7,0,2,No
EMP0369,34,Female,Sales,Sales Executive,5658,2,Master's,Married,2,2,No,3,26,3,1,No
EMP0370,22,Female,Human Resources,HR Executive,5274,2,Master's,Married,4,4,No,3,14,2,3,No
EMP0371,28,Female,Research & Development,Manager,17583,0,Bachelor's,Single,2,4,No,3,21,2,4,No
EMP0372,44,Male,IT,Software Engineer,4975,1,Bachelor's,Married,3,2,No,3,9,6,3,No
EMP0373,35,Female,IT,IT Support,7383,1,High School,Married,3,2,No,2,23,5,2,Yes
EMP0374,42,Male,IT,Software Engineer,13271,11,Bachelor's,Single,2,1,Yes,2,10,1,2,No
EMP0375,28,Female,Research & Development,Research Scientist,8448,6,Master's,Married,1,4,Yes,3,10,3,1,No
EMP0376,32,Female,Sales,Sales Executive,8500,1,High School,Married,2,2,No,4,22,3,2,No
EMP0377,24,Female,Sales,Sales Executive,8762,0,Bachelor's,Single,1,2,No,3,18,3,1,No
EMP0378,34,Male,Human Resources,HR Specialist,5286,0,Master's,Single,2,1,Yes,3,29,6,4,No
EMP0379,51,Male,Research & Development,Research Scientist,5737,4,PhD,Divorced,2,2,No,2,12,4,2,No
EMP0380,25,Male,IT,IT Support,10091,4,High School,Single,1,2,No,3,22,0,4,No
EMP0381,32,Male,Human Resources,HR Executive,6164,1,Master's,Married,4,3,Yes,3,2,2,4,No
EMP0382,30,Male,Sales,Sales Executive,8199,0,Bachelor's,Single,2,4,No,2,13,4,3,No
EMP0383,26,Male,IT,Software Engineer,9971,1,PhD,Married,3,4,Yes,3,4,2,4,No
EMP0384,30,Female,Research & Development,Research Scientist,12743,12,Master's,Divorced,2,1,No,3,21,1,1,Yes
EMP0385,32,Male,Sales,Sales Executive,11468,8,PhD,Single,1,2,No,3,10,4,4,No
EMP0386,38,Female,Research & Development,Laboratory Technician,8138,6,Master's,Divorced,1,1,No,3,12,5,4,No
EMP0387,42,Male,Research & Development,Laboratory Technician,6163,0,Bachelor's,Married,3,2,Yes,3,9,5,4,No
EMP0388,32,Female,Sales,Sales Executive,3097,0,Bachelor's,Married,2,1,No,1,3,5,2,No
EMP0389,35,Female,Research & Development,Laboratory Technician,1800,0,Bachelor's,Single,4,4,No,1,15,2,3,No
EMP0390,39,Male,Human Resources,HR Specialist,6789,1,High School,Single,2,4,No,3,18,0,2,No
EMP0391,29,Female,IT,Manager,10193,0,Master's,Single,3,4,No,3,17,1,1,No
EMP0392,43,Female,Human Resources,HR Specialist,5704,0,Master's,Married,4,2,No,1,26,1,2,No
EMP0393,44,Male,Sales,Manager,12176,0,Bachelor's,Married,1,1,Yes,2,20,4,4,No
EMP0394,45,Male,Sales,Sales Representative,16537,21,High School,Divorced,4,2,No,4,7,1,3,No
EMP0395,31,Male,Sales,Sales Executive,8773,3,Bachelor's,Married,3,2,No,3,1,0,1,Yes
EMP0396,48,Male,IT,Software Engineer,6971,2,Bachelor's,Married,1,1,No,3,29,1,3,No
EMP0397,34,Female,Marketing,Marketing Specialist,7973,5,High School,Single,3,1,Yes,4,22,2,3,No
EMP0398,29,Male,Sales,Sales Executive,6413,1,Bachelor's,Married,2,1,No,2,30,2,3,Yes
EMP0399,36,Female,IT,Software Engineer,9859,2,Master's,Married,4,4,Yes,2,1,1,3,No
EMP0400,42,Female,Research & Development,Manager,11379,0,Bachelor's,Married,1,2,No,3,30,1,3,No
EMP0401,27,Female,IT,Software Engineer,8306,9,Master's,Single,4,4,No,3,11,5,2,No
EMP0402,23,Male,Sales,Sales Executive,5906,3,Bachelor's,Divorced,1,4,Yes,3,12,6,2,No
EMP0403,40,Male,Research & Development,Laboratory Technician,9252,0,High School,Married,3,2,Yes,3,26,2,2,No
EMP0404,43,Male,Research & Development,Research Scientist,5101,3,Bachelor's,Single,4,2,No,2,6,2,1,No
EMP0405,24,Male,Research & Development,Manager,10742,3,High School,Married,4,1,No,3,27,5,1,No
EMP0406,43,Male,Sales,Sales Executive,7711,7,PhD,Single,3,3,No,3,26,3,4,No
EMP0407,37,Female,Finance,Finance Executive,9752,1,Bachelor's,Single,3,4,No,3,7,4,4,No
EMP0408,26,Female,Sales,Sales Executive,6840,3,Master's,Single,1,2,Yes,3,7,6,1,No
EMP0409,30,Female,IT,IT Support,9262,5,Master's,Single,1,4,No,3,22,1,3,No
EMP0410,25,Male,Research & Development,Research Scientist,8993,5,Bachelor's,Single,2,3,Yes,2,3,1,4,No
EMP0411,37,Male,Finance,Manager,12994,0,PhD,Married,2,1,Yes,3,10,6,1,Yes
EMP0412,36,Female,IT,IT Support,5991,1,Master's,Married,1,2,No,4,3,4,4,No
EMP0413,37,Male,IT,Manager,15179,5,Bachelor's,Married,3,3,No,4,25,2,2,No
EMP0414,33,Female,IT,Software Engineer,6707,3,Bachelor's,Married,1,3,No,3,22,4,1,No
EMP0415,44,Male,Research & Development,Laboratory Technician,8652,1,PhD,Divorced,4,1,Yes,3,1,4,3,No
EMP0416,34,Male,Human Resources,Manager,15911,4,Bachelor's,Married,2,2,No,3,1,4,3,No
EMP0417,53,Female,Sales,Sales Representative,8888,4,Bachelor's,Married,1,4,No,3,10,4,2,No
EMP0418,34,Female,Marketing,Marketing Executive,4582,0,Bachelor's,Single,3,2,No,3,25,6,3,No
EMP0419,39,Female,IT,IT Support,9325,5,Bachelor's,Single,1,3,No,3,9,4,3,No
EMP0420,42,Male,Research & Development,Laboratory Technician,5242,0,High School,Married,2,3,No,3,20,6,4,No
EMP0421,39,Male,Sales,Manager,13009,7,PhD,Single,4,2,No,1,13,0,4,No
EMP0422,37,Female,Sales,Sales Representative,7792,4,High School,Divorced,2,3,No,3,4,2,1,No
EMP0423,32,Female,Marketing,Marketing Executive,9204,1,Bachelor's,Married,1,2,Yes,4,2,0,3,Yes
EMP0424,27,Female,Sales,Sales Executive,9999,8,Bachelor's,Married,4,1,No,3,19,0,1,No
EMP0425,32,Male,IT,Software Engineer,6066,0,High School,Married,4,1,No,2,4,3,3,Yes
EMP0426,38,Male,Marketing,Marketing Specialist,7168,5,Master's,Divorced,3,1,No,3,15,2,4,No
EMP0427,20,Male,Research & Development,Laboratory Technician,3470,1,Bachelor's,Single,1,2,No,4,17,4,1,No
EMP0428,45,Male,Research & Development,Manager,12960,1,Bachelor's,Married,4,2,Yes,3,18,1,1,Yes
EMP0429,32,Female,Research & Development,Laboratory Technician,10881,8,Bachelor's,Married,1,1,Yes,3,14,0,4,No
EMP0430,29,Female,Sales,Manager,10911,1,Bachelor's,Single,3,2,No,2,26,1,2,No
EMP0431,31,Female,Marketing,Marketing Specialist,6190,0,Master's,Married,4,3,No,4,18,4,2,No
EMP0432,29,Female,Sales,Sales Executive,7753,2,Master's,Married,3,3,No,3,30,4,2,No
EMP0433,31,Male,IT,Software Engineer,8896,5,PhD,Single,1,3,No,3,29,3,2,No
EMP0434,36,Male,IT,IT Support,8552,4,Master's,Single,3,2,No,2,29,6,4,No
EMP0435,30,Male,Marketing,Marketing Executive,5483,2,High School,Married,1,1,No,3,15,4,4,No
EMP0436,34,Male,Sales,Manager,15322,2,Master's,Married,1,2,No,4,18,5,2,No
EMP0437,39,Female,Sales,Sales Executive,6916,3,PhD,Married,2,3,No,3,19,6,4,No
EMP0438,33,Female,Sales,Sales Executive,9388,9,Bachelor's,Married,2,3,No,2,3,6,2,No
EMP0439,37,Male,IT,Software Engineer,6463,0,Bachelor's,Divorced,1,2,Yes,3,5,4,4,No
EMP0440,30,Female,IT,IT Support,7166,1,Master's,Married,1,3,No,2,19,1,4,Yes
EMP0441,36,Female,Marketing,Marketing Specialist,9855,11,High School,Single,2,3,Yes,2,27,1,3,No
EMP0442,24,Male,Finance,Finance Executive,8051,6,Bachelor's,Single,2,4,No,4,5,0,1,No
EMP0443,35,Male,Marketing,Marketing Executive,7764,3,Bachelor's,Divorced,3,3,Yes,3,27,2,2,No
EMP0444,38,Male,Marketing,Marketing Specialist,8330,0,Bachelor's,Married,1,4,Yes,3,3,0,1,Yes
EMP0445,37,Female,Sales,Sales Representative,9590,1,Master's,Married,1,3,Yes,3,20,6,1,No
EMP0446,26,Female,Finance,Finance Executive,4627,0,High School,Married,1,2,No,3,16,6,4,Yes
EMP0447,29,Female,Marketing,Manager,11968,1,Bachelor's,Married,4,1,No,3,18,6,4,No
EMP0448,36,Male,Sales,Sales Executive,8490,0,Master's,Single,1,1,No,3,26,5,1,No
EMP0449,34,Female,IT,Software Engineer,7114,4,Bachelor's,Divorced,4,1,No,4,6,2,4,No
EMP0450,29,Male,IT,Software Engineer,8292,2,PhD,Single,1,4,No,4,16,5,4,No
EMP0451,46,Male,Research & Development,Research Scientist,6486,1,Bachelor's,Married,4,1,Yes,3,6,6,1,No
EMP0452,36,Female,Sales,Manager,11454,2,Bachelor's,Single,2,3,No,4,10,0,2,No
EMP0453,33,Male,Finance,Finance Executive,6426,0,Bachelor's,Single,1,2,No,3,8,3,2,No
EMP0454,36,Female,Research & Development,Laboratory Technician,11019,6,Bachelor's,Married,3,4,No,3,5,6,1,No
EMP0455,18,Male,Finance,Finance Executive,10735,0,PhD,Single,4,1,Yes,3,30,1,2,No
EMP0456,34,Female,Finance,Financial Analyst,11967,5,High School,Married,1,1,No,4,16,5,1,No
EMP0457,22,Female,Marketing,Marketing Executive,7870,4,Bachelor's,Married,1,2,No,3,17,0,3,No
EMP0458,40,Female,Sales,Sales Executive,3919,1,Bachelor's,Single,3,2,No,1,17,5,2,No
EMP0459,26,Female,Sales,Sales Executive,10764,8,Bachelor's,Married,4,1,No,3,7,6,1,No
EMP0460,42,Female,Marketing,Marketing Executive,7559,5,Bachelor's,Married,2,1,No,3,4,4,1,No
EMP0461,24,Female,Sales,Sales Representative,6077,6,Bachelor's,Married,3,4,Yes,2,6,3,2,No
EMP0462,36,Female,Sales,Sales Executive,6355,0,Master's,Married,4,3,No,3,23,4,3,Yes
EMP0463,34,Male,Research & Development,Research Scientist,9886,11,Master's,Divorced,3,4,No,2,4,2,3,No
EMP0464,22,Female,Marketing,Marketing Executive,8008,3,PhD,Single,4,2,Yes,4,27,3,1,No
EMP0465,23,Male,Human Resources,HR Specialist,8816,2,Bachelor's,Single,3,2,Yes,3,19,2,1,No
EMP0466,31,Male,Sales,Sales Executive,8252,6,Master's,Single,2,3,No,4,18,0,3,No
EMP0467,34,Male,Sales,Sales Representative,6187,0,Bachelor's,Married,4,2,No,1,2,6,4,No
EMP0468,35,Male,Research & Development,Research Scientist,8805,4,High School,Single,1,1,Yes,3,25,4,1,Yes
EMP0469,28,Male,Marketing,Marketing Executive,6411,0,Bachelor's,Married,3,2,No,3,26,5,3,No
EMP0470,44,Male,Research & Development,Research Scientist,12427,8,Bachelor's,Single,4,4,Yes,3,11,0,2,No
EMP0471,18,Male,Sales,Sales Representative,2967,0,Bachelor's,Married,2,1,No,2,25,3,1,No
EMP0472,44,Male,Research & Development,Research Scientist,8776,5,Master's,Divorced,1,3,No,4,27,0,1,No
EMP0473,30,Female,Marketing,Marketing Specialist,7003,1,High School,Married,3,3,No,3,13,6,1,No
EMP0474,18,Female,IT,IT Support,6460,0,Master's,Single,2,1,No,4,29,1,4,No
EMP0475,41,Female,Research & Development,Research Scientist,6698,2,PhD,Married,1,3,No,3,25,6,2,No
EMP0476,24,Male,Sales,Sales Executive,8804,6,Bachelor's,Married,4,1,Yes,3,22,6,3,No
EMP0477,20,Male,Human Resources,HR Specialist,6898,0,High School,Married,3,4,Yes,3,18,1,3,No
EMP0478,19,Female,IT,Manager,10179,1,Master's,Divorced,3,2,No,3,6,3,2,No
EMP0479,34,Male,Research & Development,Laboratory Technician,5290,0,Master's,Divorced,3,1,No,3,10,2,2,No
EMP0480,25,Male,Human Resources,HR Executive,8445,4,Bachelor's,Single,2,1,No,1,6,1,4,No
EMP0481,29,Male,Sales,Sales Representative,4912,2,PhD,Married,4,4,No,2,10,0,1,No
EMP0482,37,Male,Sales,Sales Representative,3820,1,Master's,Married,3,2,No,2,1,3,2,No
EMP0483,47,Male,IT,Software Engineer,8776,4,High School,Single,1,2,No,3,5,0,1,Yes
EMP0484,31,Female,IT,Software Engineer,5599,1,PhD,Married,1,3,No,3,11,6,2,No
EMP0485,24,Female,Research & Development,Research Scientist,10570,6,Bachelor's,Married,3,1,No,3,1,3,3,No
EMP0486,35,Male,Sales,Sales Executive,10017,4,Bachelor's,Married,2,3,No,2,6,3,1,No
EMP0487,37,Female,Human Resources,HR Executive,12675,18,Master's,Single,2,4,Yes,3,8,2,1,No
EMP0488,28,Male,Finance,Financial Analyst,6875,1,Bachelor's,Single,3,1,No,3,15,2,3,No
EMP0489,42,Female,Research & Development,Manager,17187,4,PhD,Single,4,4,No,3,10,1,3,No
EMP0490,36,Male,IT,IT Support,6037,1,Bachelor's,Married,1,3,No,3,16,5,1,No
EMP0491,38,Male,Sales,Sales Representative,12502,6,Master's,Married,3,4,Yes,3,18,0,2,Yes
EMP0492,40,Male,Sales,Sales Executive,9027,3,Master's,Single,3,4,Yes,3,20,3,2,No
EMP0493,29,Male,IT,Software Engineer,6184,2,Bachelor's,Married,2,3,No,2,11,0,2,No
EMP0494,43,Male,Marketing,Marketing Specialist,5026,0,Master's,Married,2,2,No,3,5,2,4,No
EMP0495,50,Male,Research & Development,Laboratory Technician,7625,1,Bachelor's,Single,3,3,No,3,26,5,3,No
EMP0496,42,Female,IT,Software Engineer,9379,4,Master's,Single,4,2,No,3,26,1,2,No
EMP0497,50,Female,Research & Development,Research Scientist,12462,11,High School,Married,4,1,Yes,3,12,1,3,Yes
EMP0498,31,Female,Sales,Sales Executive,10520,4,Bachelor's,Divorced,2,2,No,2,1,1,2,No
EMP0499,39,Male,Research & Development,Research Scientist,6667,0,Bachelor's,Divorced,3,4,No,2,19,0,4,No
EMP0500,37,Male,Finance,Financial Analyst,3805,1,Bachelor's,Single,3,4,Yes,3,9,5,3,No
EMP0501,41,Female,Sales,Sales Executive,10246,11,Master's,Single,2,4,Yes,4,26,3,4,No
EMP0502,31,Female,Research & Development,Research Scientist,15364,13,Master's,Divorced,2,3,No,3,1,6,4,No
EMP0503,44,Male,IT,Manager,11805,1,High School,Married,1,1,No,3,17,3,3,No
EMP0504,32,Female,Sales,Sales Executive,4704,2,High School,Single,3,1,No,3,21,4,3,No
EMP0505,31,Female,IT,Software Engineer,11441,13,Bachelor's,Married,1,3,No,3,10,1,3,No
EMP0506,26,Female,Sales,Sales Executive,13132,8,Master's,Single,1,3,No,4,14,4,2,No
EMP0507,31,Male,Marketing,Manager,9560,2,High School,Single,1,2,Yes,2,16,6,1,No
EMP0508,35,Male,Finance,Financial Analyst,7819,0,Bachelor's,Married,2,1,No,2,9,3,3,No
EMP0509,35,Male,Marketing,Marketing Executive,6098,2,Bachelor's,Single,4,3,No,2,22,1,4,Yes
EMP0510,26,Male,Research & Development,Manager,11636,3,Master's,Single,1,1,No,4,15,5,2,No
EMP0511,28,Male,Research & Development,Research Scientist,5389,0,Bachelor's,Married,3,3,Yes,1,17,3,1,No
EMP0512,28,Male,Marketing,Marketing Executive,4782,0,Bachelor's,Married,4,4,No,3,15,5,4,No
EMP0513,47,Male,Finance,Financial Analyst,6755,5,Bachelor's,Single,4,2,No,2,28,1,3,Yes
EMP0514,41,Male,IT,Software Engineer,9950,10,PhD,Married,1,4,Yes,3,17,5,2,No
EMP0515,33,Male,Research & Development,Manager,13882,10,PhD,Divorced,2,4,No,3,30,2,1,No
EMP0516,38,Female,Marketing,Marketing Executive,11072,9,Bachelor's,Married,3,3,Yes,2,6,5,4,No
EMP0517,39,Male,IT,IT Support,10661,9,Bachelor's,Single,2,1,No,3,25,5,4,No
EMP0518,48,Male,Sales,Manager,17946,12,Bachelor's,Single,1,3,No,1,27,2,1,No
EMP0519,28,Male,Human Resources,HR Executive,5759,1,High School,Single,2,1,Yes,2,23,2,1,Yes
EMP0520,37,Female,IT,IT Support,10191,3,Bachelor's,Married,3,4,No,3,4,2,4,No
EMP0521,31,Male,Research & Development,Laboratory Technician,4841,3,Master's,Married,4,1,No,3,9,5,2,No
EMP0522,44,Male,IT,Software Engineer,6590,1,Bachelor's,Married,3,3,Yes,3,16,0,2,No
EMP0523,49,Female,Sales,Sales Executive,5699,2,High School,Divorced,3,3,No,3,10,2,3,No
EMP0524,35,Female,Sales,Sales Representative,8342,0,Bachelor's,Single,4,4,No,3,2,3,3,Yes
EMP0525,47,Male,Sales,Manager,12143,3,PhD,Single,3,4,No,3,29,1,3,No
EMP0526,29,Female,Marketing,Manager,10594,3,Master's,Single,1,2,No,4,28,5,1,No
EMP0527,28,Male,IT,Software Engineer,10265,7,Bachelor's,Single,4,4,No,3,26,5,1,Yes
EMP0528,44,Male,IT,Manager,18825,7,Bachelor's,Married,2,2,No,2,7,0,1,No
EMP0529,41,Female,Research & Development,Manager,12937,1,Bachelor's,Married,1,1,No,3,1,3,3,No
EMP0530,40,Female,Human Resources,HR Executive,6062,6,Master's,Single,2,2,No,3,9,2,1,No
EMP0531,42,Male,Marketing,Marketing Specialist,6416,2,PhD,Single,4,2,No,3,18,3,4,No
EMP0532,18,Male,Research & Development,Research Scientist,2944,0,Master's,Divorced,1,1,Yes,4,27,0,2,No
EMP0533,20,Male,Research & Development,Research Scientist,6948,2,Bachelor's,Married,3,2,No,2,17,0,3,No
EMP0534,31,Male,Research & Development,Manager,11347,0,PhD,Single,1,4,Yes,3,15,5,1,Yes
EMP0535,18,Male,IT,Software Engineer,8008,0,Master's,Single,1,1,No,3,27,6,4,No
EMP0536,46,Male,IT,Manager,16086,8,Bachelor's,Divorced,2,3,No,3,1,3,1,No
EMP0537,30,Male,Research & Development,Laboratory Technician,10049,1,Bachelor's,Married,2,1,No,1,24,6,2,Yes
EMP0538,34,Male,Research & Development,Research Scientist,7100,0,Bachelor's,Single,4,2,No,3,28,4,1,No
EMP0539,34,Male,Sales,Sales Representative,5211,3,Bachelor's,Divorced,4,1,No,3,5,5,1,Yes
EMP0540,45,Male,Sales,Sales Executive,4059,0,Bachelor's,Married,4,2,Yes,4,12,3,4,No
EMP0541,18,Male,Sales,Manager,11463,0,Bachelor's,Married,2,4,No,1,30,1,1,No
EMP0542,39,Male,Human Resources,HR Specialist,5445,1,Bachelor's,Single,2,3,Yes,4,13,2,1,Yes
EMP0543,39,Male,Research & Development,Laboratory Technician,7492,2,Master's,Divorced,2,3,No,3,30,2,1,No
EMP0544,58,Female,Research & Development,Research Scientist,6035,0,Bachelor's,Married,4,3,No,4,22,6,2,No
EMP0545,33,Male,IT,Software Engineer,4091,4,Bachelor's,Single,1,4,No,3,12,2,2,No
EMP0546,43,Female,Research & Development,Research Scientist,9907,3,High School,Single,2,2,No,3,18,2,3,No
EMP0547,36,Female,IT,Software Engineer,6059,4,Master's,Single,1,3,No,2,26,5,3,No
EMP0548,37,Male,Research & Development,Research Scientist,12568,3,Bachelor's,Married,4,3,Yes,2,4,6,1,No
EMP0549,32,Male,IT,Software Engineer,8005,4,Master's,Single,3,1,Yes,3,20,2,1,No
EMP0550,29,Male,Marketing,Marketing Specialist,6432,2,Master's,Married,3,4,No,3,19,4,1,No
EMP0551,37,Male,Research & Development,Laboratory Technician,7610,0,High School,Single,1,3,Yes,4,26,2,2,No
EMP0552,36,Male,Marketing,Manager,12940,0,Bachelor's,Single,4,4,No,4,12,6,3,No
EMP0553,47,Female,Research & Development,Research Scientist,11817,9,High School,Married,4,2,No,1,27,1,4,No
EMP0554,37,Female,Research & Development,Manager,12432,0,Bachelor's,Married,4,2,Yes,3,1,4,1,No
EMP0555,28,Male,Marketing,Marketing Executive,9980,5,PhD,Married,3,2,No,3,8,3,4,No
EMP0556,46,Female,Human Resources,HR Executive,10227,7,Bachelor's,Married,4,3,No,3,16,1,2,No
EMP0557,34,Male,Finance,Financial Analyst,7770,9,High School,Married,4,1,No,3,10,4,1,No
EMP0558,39,Male,Marketing,Marketing Executive,8250,6,Bachelor's,Married,3,2,No,3,8,0,3,No
EMP0559,40,Female,Human Resources,HR Specialist,8702,0,Bachelor's,Married,1,3,No,4,24,0,2,No
EMP0560,47,Female,Sales,Sales Representative,13021,12,Master's,Married,4,1,No,3,9,0,1,No
EMP0561,37,Male,IT,Software Engineer,12806,11,Master's,Single,2,1,No,2,3,1,1,No
EMP0562,43,Female,Finance,Manager,9258,1,Bachelor's,Single,4,3,No,2,11,4,3,No
EMP0563,42,Female,Research & Development,Research Scientist,7960,4,High School,Married,1,3,No,3,18,3,1,No
EMP0564,41,Male,Sales,Sales Executive,14846,18,Bachelor's,Married,1,2,No,2,22,0,3,No
EMP0565,40,Male,Sales,Sales Executive,10671,6,Bachelor's,Single,1,3,No,3,7,6,4,No
EMP0566,40,Female,Research & Development,Laboratory Technician,8102,2,Master's,Divorced,1,4,No,4,11,1,4,No
EMP0567,34,Female,Sales,Sales Executive,9600,4,Master's,Single,4,3,Yes,3,11,2,1,No
EMP0568,39,Female,Marketing,Marketing Executive,9004,5,Master's,Single,3,1,No,3,20,4,1,Yes
EMP0569,46,Male,Sales,Sales Executive,8426,3,PhD,Single,3,1,Yes,3,28,5,2,No
EMP0570,34,Male,Marketing,Marketing Executive,12895,13,PhD,Married,4,4,No,4,8,5,4,No
EMP0571,35,Male,Human Resources,HR Executive,10607,12,Bachelor's,Married,3,3,No,2,16,3,1,No
EMP0572,27,Female,Finance,Financial Analyst,10664,5,Bachelor's,Divorced,1,4,No,2,28,5,1,No
EMP0573,27,Male,Marketing,Marketing Executive,7778,2,Bachelor's,Married,4,1,No,3,22,6,3,No
EMP0574,39,Female,IT,Software Engineer,11616,6,Bachelor's,Married,1,1,No,3,4,0,4,Yes
EMP0575,26,Male,IT,Software Engineer,9828,1,Master's,Single,1,4,No,4,9,2,4,No
EMP0576,49,Male,Research & Development,Laboratory Technician,5991,1,Bachelor's,Married,1,1,No,3,18,3,3,Yes
EMP0577,43,Female,Human Resources,HR Executive,5071,4,Bachelor's,Married,3,1,Yes,3,18,0,2,No
EMP0578,18,Male,Marketing,Marketing Executive,4353,0,Master's,Married,4,2,No,1,21,6,3,No
EMP0579,40,Male,Human Resources,HR Executive,4878,0,Bachelor's,Married,4,3,No,2,22,1,3,No
EMP0580,18,Female,IT,Software Engineer,6230,0,Master's,Single,1,4,Yes,2,26,6,4,Yes
EMP0581,23,Male,Marketing,Marketing Executive,4032,0,Master's,Married,4,4,Yes,4,3,0,2,No
EMP0582,33,Male,Finance,Financial Analyst,6662,3,Bachelor's,Single,4,3,Yes,3,16,6,3,No
EMP0583,30,Male,Human Resources,HR Specialist,5358,9,Bachelor's,Married,1,2,No,3,20,2,2,No
EMP0584,36,Male,Sales,Manager,11245,2,Bachelor's,Married,3,4,No,3,3,6,1,No
EMP0585,48,Male,Sales,Sales Executive,7284,6,Master's,Single,4,2,Yes,4,4,2,1,Yes
EMP0586,20,Female,IT,IT Support,8761,1,Master's,Divorced,3,3,No,3,6,6,4,Yes
EMP0587,36,Female,Sales,Sales Executive,7420,6,Master's,Married,3,3,Yes,4,7,1,3,No
EMP0588,31,Male,Finance,Finance Executive,7835,0,Master's,Divorced,4,4,No,1,29,5,2,No
EMP0589,34,Male,Finance,Financial Analyst,8139,0,Master's,Single,1,1,No,3,15,5,3,No
EMP0590,32,Female,Research & Development,Laboratory Technician,12290,7,Bachelor's,Single,1,3,No,2,12,2,2,No
EMP0591,36,Female,Research & Development,Manager,12258,5,Master's,Single,1,1,No,3,24,3,4,No
EMP0592,24,Male,IT,Software Engineer,9844,5,Master's,Married,3,4,No,3,10,3,1,No
EMP0593,43,Male,Research & Development,Research Scientist,6330,1,Master's,Single,4,3,No,3,18,2,2,No
EMP0594,35,Male,Research & Development,Manager,18568,17,High School,Divorced,4,2,Yes,3,28,0,2,No
EMP0595,41,Female,Sales,Sales Executive,8523,2,PhD,Single,2,4,Yes,3,28,6,3,Yes
EMP0596,18,Male,Marketing,Marketing Executive,6076,0,Bachelor's,Married,2,3,No,3,26,1,1,No
EMP0597,18,Female,Finance,Financial Analyst,6233,0,High School,Divorced,1,2,Yes,3,16,2,1,No
EMP0598,36,Female,IT,Software Engineer,7966,3,PhD,Married,1,3,Yes,2,30,6,1,No
EMP0599,23,Female,Sales,Sales Representative,8639,3,Bachelor's,Single,2,2,No,3,16,5,3,Yes
EMP0600,34,Male,IT,Software Engineer,4635,1,PhD,Divorced,1,1,Yes,3,25,6,4,Yes
EMP0601,36,Female,Sales,Sales Representative,7549,2,Bachelor's,Married,4,2,Yes,3,9,4,2,No
EMP0602,37,Male,Finance,Financial Analyst,6537,1,Bachelor's,Married,1,3,No,3,8,2,4,Yes
EMP0603,32,Male,Research & Development,Research Scientist,6020,3,Master's,Married,3,2,No,1,19,5,3,No
EMP0604,22,Male,Human Resources,HR Executive,8573,1,Bachelor's,Divorced,3,3,Yes,2,23,0,3,Yes
EMP0605,24,Female,Human Resources,HR Executive,4329,0,Bachelor's,Married,2,1,No,2,26,0,2,No
EMP0606,32,Female,Human Resources,HR Specialist,7998,7,PhD,Divorced,1,4,No,3,7,1,4,No
EMP0607,36,Male,IT,Software Engineer,13405,18,Bachelor's,Married,1,2,No,3,2,6,1,No
EMP0608,36,Female,Marketing,Marketing Specialist,3431,1,High School,Single,4,2,No,3,30,4,2,No
EMP0609,49,Female,Finance,Finance Executive,6530,2,Bachelor's,Single,1,1,Yes,3,23,3,4,No
EMP0610,32,Female,Marketing,Marketing Executive,6594,1,Master's,Single,1,4,No,3,12,6,4,No
EMP0611,27,Male,Finance,Finance Executive,5949,0,Bachelor's,Single,2,1,No,3,19,6,1,No
EMP0612,38,Female,Sales,Sales Representative,7514,0,High School,Married,1,2,No,4,21,1,4,No
EMP0613,34,Female,IT,IT Support,7190,1,Master's,Divorced,1,3,No,3,22,6,1,Yes
EMP0614,34,Female,IT,IT Support,8771,5,High School,Single,2,2,No,4,3,6,1,No
EMP0615,48,Female,Sales,Sales Executive,7614,1,Bachelor's,Single,1,4,No,3,8,6,3,No
EMP0616,27,Male,Human Resources,HR Executive,6439,2,Master's,Single,1,1,No,2,13,2,4,No
EMP0617,32,Male,IT,Manager,15686,14,High School,Single,4,1,No,3,6,2,3,No
EMP0618,31,Male,IT,Software Engineer,5071,3,Bachelor's,Married,2,4,No,3,14,6,2,Yes
EMP0619,24,Female,IT,IT Support,6252,1,Bachelor's,Married,3,3,No,3,13,2,3,No
EMP0620,38,Male,IT,Software Engineer,9580,7,Bachelor's,Married,4,3,No,2,16,2,4,No
EMP0621,35,Male,Research & Development,Research Scientist,7717,2,Bachelor's,Divorced,1,4,No,3,18,6,4,No
EMP0622,26,Female,IT,IT Support,8299,6,Bachelor's,Married,4,1,No,3,26,6,2,No
EMP0623,18,Male,Sales,Manager,10829,0,Bachelor's,Single,4,4,No,3,15,5,3,No
EMP0624,27,Female,Finance,Financial Analyst,8854,9,PhD,Single,1,3,No,4,24,6,1,No
EMP0625,40,Female,Marketing,Manager,19765,22,Bachelor's,Married,2,1,No,3,16,2,2,No
EMP0626,30,Female,Sales,Manager,13694,5,Master's,Married,1,3,No,1,13,3,1,No
EMP0627,28,Female,Sales,Sales Executive,9110,8,Bachelor's,Single,4,1,No,4,27,0,4,No
EMP0628,25,Male,Research & Development,Research Scientist,7910,7,Bachelor's,Married,1,3,No,1,21,3,2,No
EMP0629,24,Male,IT,IT Support,7717,6,Bachelor's,Married,2,3,No,3,19,3,2,No
EMP0630,39,Female,Sales,Sales Executive,10675,5,Bachelor's,Divorced,3,3,Yes,3,9,4,1,Yes
EMP0631,47,Male,Human Resources,Manager,16147,8,High School,Divorced,3,4,No,3,20,6,2,No
EMP0632,20,Male,Sales,Sales Representative,4557,2,Master's,Divorced,3,2,No,3,29,0,1,No
EMP0633,20,Male,Human Resources,HR Executive,6692,2,Bachelor's,Single,2,2,No,3,3,1,1,No
EMP0634,37,Male,Sales,Sales Executive,7467,1,Master's,Single,1,1,No,4,9,0,1,No
EMP0635,36,Female,Research & Development,Manager,15351,3,Bachelor's,Married,1,1,No,3,26,4,3,No
EMP0636,39,Female,Research & Development,Laboratory Technician,8658,10,PhD,Single,3,3,No,4,26,2,2,No
EMP0637,43,Female,Sales,Sales Executive,6515,0,Master's,Married,2,4,Yes,4,7,2,2,No
EMP0638,39,Male,Marketing,Marketing Specialist,7993,3,Bachelor's,Married,3,3,No,3,5,3,1,No
EMP0639,29,Female,Sales,Sales Representative,6345,2,Bachelor's,Divorced,4,4,No,3,29,3,4,No
EMP0640,33,Female,Research & Development,Research Scientist,7321,4,Bachelor's,Married,2,3,No,2,23,1,2,Yes
EMP0641,27,Male,Sales,Sales Executive,8438,6,Bachelor's,Married,4,3,Yes,1,13,2,3,No
EMP0642,28,Male,Research & Development,Research Scientist,6382,2,Bachelor's,Married,4,1,Yes,1,10,5,1,No
EMP0643,29,Male,Finance,Manager,13164,1,Master's,Single,2,4,No,3,15,5,2,No
EMP0644,49,Female,Finance,Financial Analyst,11462,10,Master's,Married,1,4,No,3,12,0,2,No
EMP0645,24,Female,Sales,Sales Representative,8753,6,Bachelor's,Single,4,4,No,3,14,3,2,Yes
EMP0646,40,Male,Sales,Sales Executive,4915,0,Bachelor's,Married,1,4,No,3,25,6,3,No
EMP0647,29,Female,IT,Software Engineer,6880,6,Bachelor's,Single,2,4,No,2,30,3,3,No
EMP0648,41,Male,Sales,Sales Executive,10699,9,Bachelor's,Married,3,2,Yes,3,6,4,4,No
EMP0649,26,Female,Research & Development,Laboratory Technician,6516,2,High School,Single,3,4,Yes,2,21,2,4,No
EMP0650,25,Female,IT,Software Engineer,7355,3,Master's,Married,1,2,No,3,8,5,4,No
EMP0651,30,Female,Research & Development,Laboratory Technician,8208,9,Bachelor's,Single,2,4,No,3,21,6,4,No
EMP0652,42,Male,Marketing,Marketing Executive,4553,1,Master's,Single,2,4,Yes,3,12,2,2,No
EMP0653,29,Female,Research & Development,Laboratory Technician,9086,1,PhD,Married,4,2,Yes,2,4,1,1,No
EMP0654,24,Male,Sales,Sales Executive,9180,6,Master's,Divorced,2,2,No,3,28,5,1,No
EMP0655,28,Male,Finance,Financial Analyst,11376,4,PhD,Single,1,1,No,4,13,3,3,Yes
EMP0656,23,Female,Sales,Sales Executive,7300,4,Master's,Single,2,1,Yes,3,16,3,2,Yes
EMP0657,31,Female,Sales,Sales Executive,6493,0,Master's,Married,1,4,No,2,23,3,1,Yes
EMP0658,44,Female,Finance,Finance Executive,10898,4,Bachelor's,Married,2,2,No,3,14,5,2,Yes
EMP0659,41,Male,IT,Software Engineer,11118,0,Bachelor's,Divorced,1,1,No,2,17,1,3,No
EMP0660,38,Female,Research & Development,Research Scientist,6531,4,Bachelor's,Divorced,2,4,Yes,4,8,0,2,No
EMP0661,36,Female,Marketing,Marketing Executive,13171,13,Bachelor's,Single,4,2,No,3,29,6,4,No
EMP0662,42,Male,Finance,Manager,12034,1,Master's,Married,3,3,No,1,25,0,1,No
EMP0663,21,Male,Sales,Sales Executive,7698,0,Master's,Married,4,1,No,3,22,4,3,No
EMP0664,38,Male,Finance,Finance Executive,9818,8,Bachelor's,Single,1,3,Yes,2,29,3,3,No
EMP0665,48,Male,Marketing,Marketing Executive,7759,2,Bachelor's,Single,2,2,No,3,20,0,3,No
EMP0666,32,Female,Sales,Sales Executive,6270,0,Bachelor's,Married,1,2,Yes,3,19,2,3,Yes
EMP0667,19,Female,Research & Development,Laboratory Technician,5299,1,Master's,Single,2,3,No,3,13,1,4,No
EMP0668,30,Female,Sales,Sales Executive,7319,2,PhD,Single,2,4,No,3,10,6,3,Yes
EMP0669,25,Male,Research & Development,Manager,14685,4,PhD,Single,3,1,No,3,16,6,2,No
EMP0670,26,Male,IT,Software Engineer,8815,5,Master's,Married,4,3,No,3,15,6,1,No
EMP0671,40,Female,IT,Software Engineer,13079,9,Master's,Single,4,4,Yes,3,28,1,1,No
EMP0672,34,Male,Research & Development,Manager,16592,7,Master's,Married,2,4,Yes,2,23,5,4,No
EMP0673,41,Female,Human Resources,HR Executive,8078,1,Bachelor's,Married,4,1,No,3,12,2,3,No
EMP0674,39,Female,Research & Development,Manager,16165,5,Bachelor's,Married,3,4,Yes,3,28,6,2,No
EMP0675,38,Male,Human Resources,HR Specialist,7536,3,High School,Married,2,1,Yes,2,6,2,4,No
EMP0676,42,Male,IT,Software Engineer,9600,5,High School,Divorced,4,3,No,2,25,0,4,No
EMP0677,19,Male,Research & Development,Research Scientist,6899,1,Master's,Married,4,1,Yes,3,14,4,4,Yes
EMP0678,30,Male,Human Resources,HR Specialist,8007,5,Bachelor's,Married,1,2,No,2,9,4,1,No
EMP0679,38,Female,IT,Software Engineer,6997,3,Bachelor's,Married,4,3,No,3,15,6,4,No
EMP0680,32,Male,Sales,Sales Representative,8133,1,Master's,Married,2,1,No,1,19,2,4,No
EMP0681,40,Female,Sales,Sales Executive,11317,1,High School,Married,2,3,No,3,6,3,3,No
EMP0682,30,Female,Sales,Sales Executive,9010,4,Bachelor's,Single,4,4,Yes,3,18,4,2,No
EMP0683,36,Female,Research & Development,Research Scientist,6996,8,Bachelor's,Divorced,4,4,No,4,29,6,2,No
EMP0684,31,Female,Research & Development,Research Scientist,10065,2,Bachelor's,Married,4,4,No,3,16,4,1,No
EMP0685,34,Male,IT,Software Engineer,7169,1,Master's,Married,4,2,No,3,5,5,1,No
EMP0686,34,Male,IT,Software Engineer,5100,3,PhD,Single,2,1,No,4,25,4,1,Yes
EMP0687,34,Male,Research & Development,Research Scientist,11379,6,Bachelor's,Married,4,4,Yes,3,17,6,3,No
EMP0688,45,Female,Research & Development,Laboratory Technician,6913,6,Master's,Single,2,3,No,3,18,2,3,Yes
EMP0689,42,Female,Research & Development,Laboratory Technician,8775,2,Bachelor's,Married,1,4,No,2,28,4,2,No
EMP0690,22,Male,Marketing,Marketing Executive,7114,4,Bachelor's,Single,4,1,No,3,19,2,2,No
EMP0691,35,Male,IT,IT Support,8384,5,Master's,Single,3,3,No,3,24,3,4,No
EMP0692,41,Female,Finance,Financial Analyst,7127,0,High School,Single,4,4,No,3,19,5,3,No
EMP0693,29,Male,Marketing,Marketing Specialist,11229,10,High School,Married,4,3,No,3,21,4,2,No
EMP0694,25,Female,Research & Development,Laboratory Technician,8056,3,Bachelor's,Married,3,2,Yes,3,17,6,2,Yes
EMP0695,37,Female,Sales,Sales Executive,7986,7,Bachelor's,Divorced,2,3,No,2,3,1,4,No
EMP0696,38,Male,Human Resources,HR Specialist,9426,7,Master's,Single,3,1,No,3,2,4,2,No
EMP0697,26,Male,Research & Development,Research Scientist,7867,0,Master's,Married,4,4,Yes,2,14,6,2,No
EMP0698,36,Male,Sales,Sales Executive,7320,1,PhD,Single,4,3,No,2,10,0,3,No
EMP0699,19,Female,Finance,Financial Analyst,2968,1,Bachelor's,Single,2,3,No,3,13,6,4,No
EMP0700,24,Male,Research & Development,Laboratory Technician,9474,0,High School,Single,2,1,No,3,28,1,1,No
EMP0701,52,Female,Sales,Sales Executive,7046,1,High School,Married,3,1,Yes,3,30,4,1,No
EMP0702,39,Male,Finance,Financial Analyst,6614,0,Bachelor's,Married,2,2,Yes,3,12,6,3,No
EMP0703,23,Male,Sales,Sales Executive,8487,1,Master's,Single,4,2,No,4,27,5,1,No
EMP0704,42,Female,Marketing,Manager,11173,2,Bachelor's,Married,3,3,No,3,7,2,1,No
EMP0705,22,Female,Sales,Sales Executive,4165,2,Bachelor's,Married,4,4,Yes,3,27,1,2,No
EMP0706,36,Female,Research & Development,Research Scientist,11017,9,Master's,Married,1,3,Yes,3,27,3,2,No
EMP0707,30,Male,Research & Development,Manager,12382,5,Bachelor's,Single,2,2,No,2,30,1,3,No
EMP0708,28,Female,Sales,Sales Executive,7615,3,Bachelor's,Single,4,2,No,3,2,5,4,No
EMP0709,29,Female,Human Resources,HR Executive,3927,0,Bachelor's,Single,3,4,Yes,1,29,0,1,No
EMP0710,36,Female,IT,IT Support,6080,0,Bachelor's,Single,1,2,No,3,6,1,1,No
EMP0711,21,Male,Research & Development,Laboratory Technician,5955,3,Master's,Single,2,1,Yes,3,19,4,2,Yes
EMP0712,44,Female,IT,Manager,14923,7,Master's,Divorced,4,1,No,2,23,5,2,No
EMP0713,38,Female,Research & Development,Research Scientist,7877,3,Bachelor's,Married,3,1,No,3,21,3,3,No
EMP0714,26,Male,Marketing,Marketing Executive,6944,0,Master's,Married,4,3,No,3,19,2,2,No
EMP0715,54,Female,Research & Development,Research Scientist,8561,3,Bachelor's,Married,3,3,No,2,14,3,4,No
EMP0716,29,Male,Research & Development,Research Scientist,8171,5,Master's,Married,3,2,No,2,19,3,4,No
EMP0717,29,Male,Sales,Sales Representative,8510,0,Bachelor's,Single,2,4,No,3,29,5,2,No
EMP0718,28,Female,Human Resources,HR Executive,4923,0,Bachelor's,Married,3,4,No,3,18,4,4,No
EMP0719,20,Male,Finance,Financial Analyst,6837,2,Bachelor's,Married,4,2,No,3,16,6,3,Yes
EMP0720,44,Female,Research & Development,Research Scientist,8872,5,Bachelor's,Married,4,2,No,3,9,6,4,No
EMP0721,32,Female,Finance,Manager,10741,0,Bachelor's,Married,1,1,No,1,9,3,3,No
EMP0722,32,Male,Sales,Sales Representative,6979,8,High School,Married,2,1,Yes,3,7,6,2,No
EMP0723,33,Female,Sales,Manager,10024,0,Bachelor's,Single,2,4,No,3,8,0,1,Yes
EMP0724,40,Female,Research & Development,Research Scientist,8983,5,Bachelor's,Single,3,3,No,3,30,3,2,No
EMP0725,32,Female,Research & Development,Laboratory Technician,6617,0,Master's,Married,4,2,No,3,25,2,2,No
EMP0726,35,Male,IT,Software Engineer,9166,2,High School,Single,1,4,Yes,3,28,0,1,No
EMP0727,30,Female,IT,Software Engineer,12541,8,Master's,Divorced,3,4,No,3,9,6,3,Yes
EMP0728,33,Female,Sales,Sales Representative,8530,0,Master's,Married,4,3,No,2,5,0,1,No
EMP0729,29,Male,Sales,Sales Executive,6346,3,Master's,Married,3,2,Yes,3,13,6,1,No
EMP0730,38,Female,Research & Development,Laboratory Technician,6179,0,PhD,Married,4,1,No,3,16,6,4,No
EMP0731,34,Male,IT,IT Support,7761,1,Bachelor's,Divorced,1,1,No,3,14,2,4,No
EMP0732,19,Male,Marketing,Marketing Specialist,8553,0,Bachelor's,Divorced,4,2,No,3,26,1,2,No
EMP0733,34,Female,Research & Development,Research Scientist,8023,5,Bachelor's,Divorced,3,3,No,3,1,0,4,No
EMP0734,44,Female,Marketing,Manager,11877,4,High School,Single,4,3,No,3,12,4,4,Yes
EMP0735,33,Female,Research & Development,Research Scientist,9852,4,Master's,Married,2,2,No,3,10,3,4,No
EMP0736,39,Male,IT,Manager,16330,9,Bachelor's,Married,4,2,No,3,18,6,2,No
EMP0737,39,Female,IT,Manager,13208,3,Bachelor's,Divorced,2,1,No,3,19,3,4,No
EMP0738,50,Male,Finance,Financial Analyst,6517,1,Bachelor's,Married,3,1,No,4,15,4,2,No
EMP0739,42,Female,Research & Development,Research Scientist,8037,0,High School,Married,4,2,No,4,14,0,2,No
EMP0740,29,Female,IT,IT Support,8279,4,PhD,Married,4,2,No,3,14,5,2,No
EMP0741,25,Female,Sales,Sales Executive,10040,4,Bachelor's,Divorced,3,2,Yes,3,27,1,1,No
EMP0742,30,Male,Research & Development,Laboratory Technician,7396,4,Master's,Married,4,3,No,2,3,6,4,No
EMP0743,18,Female,Marketing,Marketing Executive,10853,0,Bachelor's,Single,4,2,No,3,25,1,4,No
EMP0744,34,Male,Finance,Finance Executive,14428,11,Bachelor's,Married,3,1,No,3,14,3,2,No
EMP0745,44,Female,Sales,Manager,17028,5,Bachelor's,Single,3,3,Yes,3,14,0,2,Yes
EMP0746,36,Female,Sales,Sales Executive,7962,2,PhD,Single,2,3,No,3,17,1,4,No
EMP0747,34,Female,IT,Software Engineer,3861,1,Bachelor's,Single,1,2,Yes,1,23,6,3,No
EMP0748,37,Male,Finance,Financial Analyst,8669,6,Bachelor's,Single,3,3,No,3,14,5,1,No
EMP0749,52,Female,Research & Development,Research Scientist,9645,8,Bachelor's,Single,2,4,Yes,3,13,5,4,No
EMP0750,35,Female,Marketing,Manager,12611,3,Bachelor's,Divorced,3,3,No,3,24,3,1,No
EMP0751,29,Male,IT,IT Support,11612,2,Bachelor's,Single,3,4,Yes,3,1,1,4,No
EMP0752,30,Male,Human Resources,HR Executive,11003,4,Bachelor's,Married,4,2,No,3,12,0,3,No
EMP0753,36,Male,Marketing,Marketing Executive,5229,1,Bachelor's,Single,4,2,No,2,11,3,1,No
EMP0754,25,Male,Human Resources,HR Executive,4380,0,Bachelor's,Single,1,4,No,2,24,4,1,No
EMP0755,38,Female,Finance,Manager,13740,1,High School,Married,1,1,Yes,3,3,4,4,No
EMP0756,29,Male,IT,IT Support,6419,3,Bachelor's,Married,1,4,No,3,6,3,1,Yes
EMP0757,32,Female,Research & Development,Research Scientist,4277,1,Master's,Single,2,1,No,2,5,2,1,No
EMP0758,34,Female,Sales,Sales Executive,15746,10,High School,Married,3,1,No,3,1,4,1,No
EMP0759,18,Male,Research & Development,Research Scientist,4860,0,Bachelor's,Married,1,2,Yes,4,26,2,4,Yes
EMP0760,26,Male,Research & Development,Research Scientist,8012,4,PhD,Divorced,2,3,No,1,13,6,4,No
EMP0761,32,Female,Research & Development,Research Scientist,13114,14,PhD,Single,2,1,No,4,12,6,3,No
EMP0762,36,Female,Marketing,Marketing Executive,11148,3,High School,Single,4,1,No,2,22,4,1,No
EMP0763,33,Male,Research & Development,Research Scientist,8153,10,Bachelor's,Married,2,4,No,2,2,2,3,No
EMP0764,35,Male,Research & Development,Manager,9135,0,Bachelor's,Married,2,4,No,3,24,5,2,Yes
EMP0765,31,Male,Finance,Financial Analyst,8795,0,PhD,Divorced,2,2,No,2,4,6,2,No
EMP0766,30,Male,Sales,Sales Executive,10318,4,Bachelor's,Single,4,1,No,4,9,6,3,No
EMP0767,39,Female,Human Resources,HR Specialist,10377,6,Bachelor's,Single,4,2,No,4,3,5,1,No
EMP0768,39,Female,Human Resources,HR Specialist,10473,9,Bachelor's,Married,3,1,No,3,24,0,2,No
EMP0769,29,Female,Research & Development,Laboratory Technician,6646,0,Bachelor's,Married,1,3,No,4,1,3,4,No
EMP0770,20,Female,Sales,Sales Representative,7907,2,Bachelor's,Single,2,2,Yes,3,29,3,3,No
EMP0771,43,Female,Marketing,Manager,13435,2,Bachelor's,Single,2,3,Yes,3,26,5,3,No
EMP0772,39,Male,Research & Development,Laboratory Technician,6301,1,Bachelor's,Single,2,2,Yes,2,6,0,1,No
EMP0773,36,Male,Sales,Sales Executive,6766,0,Bachelor's,Married,4,3,Yes,3,30,6,2,No
EMP0774,38,Female,Marketing,Marketing Executive,9197,6,Master's,Married,1,3,Yes,3,5,5,1,No
EMP0775,46,Male,Human Resources,HR Executive,8297,1,High School,Married,2,4,No,3,23,2,2,Yes
EMP0776,38,Male,Sales,Sales Representative,9389,5,Bachelor's,Single,3,4,Yes,3,17,6,1,No
EMP0777,35,Female,Human Resources,Manager,12247,2,Bachelor's,Married,3,1,No,1,28,5,4,No
EMP0778,34,Male,Research & Development,Research Scientist,10997,8,Master's,Married,4,3,Yes,2,9,0,2,No
EMP0779,19,Female,Sales,Sales Executive,10827,0,Bachelor's,Single,3,3,Yes,3,14,1,1,No
EMP0780,35,Female,Sales,Manager,12360,3,Bachelor's,Divorced,3,3,No,3,2,1,2,No
EMP0781,31,Male,Marketing,Manager,19036,13,Master's,Single,1,2,No,3,10,3,1,No
EMP0782,21,Female,IT,IT Support,6847,3,Bachelor's,Married,3,2,No,3,2,1,4,No
EMP0783,38,Male,Marketing,Marketing Executive,8916,10,Master's,Married,3,2,No,3,19,2,1,No
EMP0784,33,Female,Sales,Manager,12363,0,High School,Married,2,4,No,1,7,1,1,No
EMP0785,20,Female,Finance,Finance Executive,5966,2,Master's,Married,4,4,No,4,9,3,3,No
EMP0786,37,Female,Marketing,Marketing Executive,10427,8,Bachelor's,Married,3,1,No,3,20,3,4,No
EMP0787,32,Male,Human Resources,HR Executive,10111,4,Bachelor's,Single,1,3,Yes,3,9,5,3,No
EMP0788,37,Male,Sales,Sales Executive,8884,4,Bachelor's,Single,3,4,No,3,27,4,3,No
EMP0789,28,Female,Research & Development,Research Scientist,10533,6,Bachelor's,Married,2,2,No,2,7,4,1,Yes
EMP0790,24,Female,Research & Development,Research Scientist,8823,6,Bachelor's,Single,4,2,No,3,2,2,1,Yes
EMP0791,26,Female,Marketing,Marketing Specialist,5375,0,Bachelor's,Single,4,2,No,2,29,3,2,No
EMP0792,22,Female,Research & Development,Research Scientist,10781,4,Bachelor's,Single,4,3,No,3,19,4,4,No
EMP0793,35,Female,Sales,Sales Representative,5057,3,Master's,Married,3,2,No,4,9,4,1,No
EMP0794,25,Male,Finance,Financial Analyst,10102,6,Master's,Married,1,1,No,1,21,0,4,No
EMP0795,54,Female,Finance,Financial Analyst,7037,3,Bachelor's,Married,2,1,No,2,30,5,3,No
EMP0796,18,Male,Human Resources,HR Executive,6141,0,Bachelor's,Single,2,2,No,2,27,4,2,No
EMP0797,38,Female,IT,IT Support,5069,1,Bachelor's,Married,4,2,No,3,21,5,4,Yes
EMP0798,36,Male,Sales,Sales Executive,6296,7,Bachelor's,Married,3,2,No,3,5,5,3,No
EMP0799,31,Male,IT,IT Support,4642,0,PhD,Single,1,4,No,3,9,2,1,No
EMP0800,45,Female,Sales,Manager,11417,0,Bachelor's,Married,3,2,No,3,8,1,4,No
EMP0801,43,Male,Sales,Sales Executive,17187,19,Master's,Single,3,2,No,3,11,4,4,No
EMP0802,32,Female,IT,IT Support,7230,0,Bachelor's,Single,1,2,Yes,4,19,1,1,No
EMP0803,37,Male,Finance,Finance Executive,6493,1,Bachelor's,Married,3,1,No,2,4,4,3,No
EMP0804,33,Female,Human Resources,HR Specialist,9743,8,Bachelor's,Single,2,2,No,2,30,2,2,No
EMP0805,35,Male,Sales,Sales Executive,4751,4,Master's,Single,3,4,No,3,5,0,4,No
EMP0806,35,Female,Sales,Sales Representative,10249,9,Bachelor's,Single,4,4,Yes,3,18,3,2,No
EMP0807,38,Female,Sales,Sales Representative,6561,2,Bachelor's,Single,2,3,No,4,23,2,4,No
EMP0808,46,Male,Marketing,Marketing Executive,9013,1,PhD,Single,2,3,No,3,18,2,3,No
EMP0809,31,Male,IT,Software Engineer,11094,6,Master's,Single,2,2,No,3,19,4,4,No
EMP0810,25,Female,Sales,Sales Representative,8410,2,Bachelor's,Married,2,3,Yes,3,26,1,2,No
EMP0811,31,Male,IT,IT Support,8497,1,Master's,Married,4,4,Yes,1,25,0,1,No
EMP0812,38,Male,Human Resources,Manager,12881,5,High School,Divorced,3,3,No,3,28,0,2,No
EMP0813,25,Male,Finance,Manager,14834,3,PhD,Married,1,2,No,3,10,4,3,No
EMP0814,18,Male,Marketing,Marketing Specialist,4441,0,Bachelor's,Married,1,3,No,3,19,3,3,No
EMP0815,22,Male,IT,Manager,13948,4,High School,Married,3,2,No,3,29,0,2,No
EMP0816,42,Male,Research & Development,Research Scientist,17419,22,High School,Divorced,2,2,No,4,5,1,4,No
EMP0817,34,Female,IT,Software Engineer,4070,3,Bachelor's,Single,4,1,No,3,26,1,2,No
EMP0818,45,Male,Sales,Sales Representative,6531,6,Master's,Single,4,1,No,3,28,6,4,No
EMP0819,43,Female,Research & Development,Research Scientist,8196,8,Bachelor's,Married,2,3,No,3,20,5,3,No
EMP0820,34,Female,Finance,Financial Analyst,9565,3,PhD,Divorced,1,4,No,3,12,4,4,No
EMP0821,45,Female,Sales,Manager,8673,0,Master's,Married,3,2,No,3,12,1,2,No
EMP0822,26,Female,Marketing,Manager,7630,1,High School,Married,2,4,No,3,6,6,4,No
EMP0823,30,Male,Sales,Sales Executive,9903,6,PhD,Single,3,2,Yes,3,5,2,3,No
EMP0824,33,Male,Finance,Manager,11341,2,PhD,Married,2,3,Yes,2,15,1,3,No
EMP0825,36,Female,Marketing,Marketing Specialist,8868,5,PhD,Single,3,2,No,4,21,6,2,No
EMP0826,43,Male,Finance,Financial Analyst,9411,0,Bachelor's,Divorced,4,4,No,2,6,6,4,No
EMP0827,45,Female,Sales,Sales Executive,12515,11,Master's,Single,3,2,No,2,28,5,1,No
EMP0828,48,Male,IT,Software Engineer,6042,2,Bachelor's,Married,3,3,Yes,3,26,6,2,No
EMP0829,45,Female,Marketing,Marketing Executive,7793,4,Bachelor's,Single,3,1,No,2,15,4,3,No
EMP0830,31,Male,Sales,Manager,9246,1,Master's,Divorced,1,2,No,3,30,5,2,No
EMP0831,40,Female,Marketing,Marketing Executive,6486,1,Master's,Single,3,4,No,3,23,5,3,No
EMP0832,26,Female,Marketing,Marketing Executive,6788,0,Bachelor's,Divorced,1,1,No,3,3,6,2,Yes
EMP0833,28,Male,Sales,Manager,10189,6,Bachelor's,Single,2,1,No,3,11,1,3,No
EMP0834,23,Female,Finance,Financial Analyst,7309,3,High School,Single,2,3,Yes,1,10,0,4,No
EMP0835,37,Male,Human Resources,HR Executive,10285,3,PhD,Single,1,3,No,3,18,6,1,No
EMP0836,32,Male,Research & Development,Research Scientist,11332,10,Bachelor's,Married,1,1,Yes,3,8,1,3,No
EMP0837,31,Female,Sales,Sales Executive,13981,13,Bachelor's,Married,3,4,Yes,2,22,4,1,No
EMP0838,38,Female,IT,Software Engineer,12337,7,PhD,Single,2,4,No,3,15,2,3,No
EMP0839,39,Female,Marketing,Manager,10752,2,Bachelor's,Married,4,4,No,3,29,3,4,No
EMP0840,32,Male,Finance,Finance Executive,3236,0,Master's,Married,4,2,No,3,19,4,4,No
EMP0841,25,Female,Research & Development,Laboratory Technician,9978,3,Bachelor's,Married,1,3,No,4,6,2,4,No
EMP0842,32,Female,Human Resources,HR Executive,4741,0,Bachelor's,Married,1,1,No,3,7,0,3,No
EMP0843,44,Male,Research & Development,Manager,12107,2,PhD,Married,1,1,No,1,5,5,4,No
EMP0844,40,Female,IT,Software Engineer,11436,11,Master's,Divorced,1,4,No,3,2,6,3,No
EMP0845,32,Female,Research & Development,Research Scientist,8737,4,Bachelor's,Single,3,1,No,4,4,3,4,No
EMP0846,21,Female,Human Resources,HR Executive,6519,3,PhD,Married,1,3,Yes,3,6,2,2,No
EMP0847,45,Female,IT,Software Engineer,8254,1,Bachelor's,Single,4,1,No,3,14,4,3,No
EMP0848,39,Female,Research & Development,Laboratory Technician,6899,1,Bachelor's,Divorced,2,1,No,3,12,5,1,No
EMP0849,24,Male,Research & Development,Manager,14656,3,Bachelor's,Married,4,2,No,2,9,2,3,No
EMP0850,22,Female,Research & Development,Laboratory Technician,9119,0,Master's,Single,3,1,No,3,13,6,2,No
EMP0851,31,Male,IT,IT Support,8815,9,Master's,Married,4,4,No,3,24,6,2,No
EMP0852,39,Male,Research & Development,Research Scientist,7875,3,Bachelor's,Divorced,1,3,Yes,3,13,3,2,No
EMP0853,31,Male,IT,Software Engineer,8961,1,High School,Married,2,3,No,3,29,1,3,No
EMP0854,32,Female,Research & Development,Research Scientist,8786,7,Bachelor's,Divorced,3,2,No,4,20,5,2,No
EMP0855,26,Male,IT,IT Support,9680,0,Master's,Married,4,3,No,3,13,5,4,No
EMP0856,39,Male,Human Resources,HR Executive,5327,2,Bachelor's,Single,4,1,No,3,13,3,3,No
EMP0857,28,Male,Research & Development,Manager,14324,10,Bachelor's,Single,3,2,No,3,30,6,2,No
EMP0858,33,Male,Sales,Sales Executive,10298,2,Master's,Married,4,4,No,4,23,2,2,No
EMP0859,34,Female,IT,IT Support,7614,3,Bachelor's,Single,3,3,No,1,7,6,2,No
EMP0860,28,Female,Research & Development,Research Scientist,6319,0,Master's,Single,3,1,No,3,21,3,3,No
EMP0861,26,Female,Finance,Finance Executive,6205,1,Bachelor's,Single,1,4,Yes,2,23,2,1,No
EMP0862,28,Female,Sales,Sales Executive,9097,6,Bachelor's,Single,3,2,No,3,16,4,4,No
EMP0863,33,Male,Research & Development,Manager,9007,0,Bachelor's,Married,3,3,Yes,3,28,3,2,Yes
EMP0864,23,Female,Sales,Sales Representative,6656,2,Bachelor's,Married,3,2,No,3,4,3,2,No
EMP0865,38,Male,Human Resources,HR Executive,5120,0,Master's,Married,2,3,No,2,21,4,1,No
EMP0866,25,Male,Finance,Finance Executive,5273,2,Bachelor's,Single,1,2,No,3,17,4,2,No
EMP0867,27,Male,Human Resources,Manager,13163,2,High School,Married,1,4,No,3,6,1,1,No
EMP0868,23,Male,Research & Development,Research Scientist,7834,0,PhD,Single,3,4,Yes,1,15,1,2,No
EMP0869,37,Female,Sales,Sales Executive,8474,1,Bachelor's,Married,1,1,No,3,25,4,4,No
EMP0870,32,Female,Finance,Finance Executive,8592,10,Bachelor's,Divorced,3,3,No,2,4,0,1,No
EMP0871,30,Female,Marketing,Marketing Executive,6219,1,Bachelor's,Divorced,2,1,No,2,20,3,1,No
EMP0872,31,Male,Sales,Sales Representative,5996,1,Master's,Divorced,2,3,Yes,3,30,1,2,No
EMP0873,30,Female,Finance,Finance Executive,7826,4,Bachelor's,Divorced,1,2,No,3,8,2,4,Yes
EMP0874,36,Male,Research & Development,Manager,13663,4,High School,Married,1,4,No,3,6,5,4,No
EMP0875,34,Male,Marketing,Marketing Specialist,7994,4,Master's,Married,4,4,No,3,8,3,1,No
EMP0876,21,Female,Finance,Manager,10910,0,Bachelor's,Married,3,2,No,2,1,3,4,No
EMP0877,18,Male,Sales,Sales Executive,6481,0,Master's,Married,3,4,No,3,26,2,4,No
EMP0878,33,Female,IT,IT Support,10125,2,PhD,Divorced,2,2,No,3,28,4,4,No
EMP0879,36,Male,Marketing,Marketing Executive,7594,1,Bachelor's,Single,1,2,No,3,10,6,1,No
EMP0880,24,Male,Finance,Finance Executive,8432,6,Master's,Divorced,2,1,Yes,3,22,3,4,No
EMP0881,36,Female,IT,Software Engineer,6123,6,Master's,Divorced,2,4,Yes,1,3,4,2,No
EMP0882,26,Female,Human Resources,Manager,11247,3,Bachelor's,Married,4,4,No,2,17,4,2,No
EMP0883,32,Female,Finance,Financial Analyst,13903,12,Bachelor's,Married,1,1,Yes,2,8,6,4,No
EMP0884,30,Female,Research & Development,Research Scientist,13232,12,PhD,Married,1,4,No,2,5,0,3,Yes
EMP0885,40,Female,IT,Software Engineer,9950,9,Bachelor's,Married,1,1,No,2,11,4,2,No
EMP0886,28,Male,IT,Manager,13530,6,Bachelor's,Single,4,3,No,3,1,5,4,No
EMP0887,27,Female,Research & Development,Laboratory Technician,8153,1,PhD,Married,4,1,No,3,14,2,2,Yes
EMP0888,36,Female,Sales,Sales Executive,15426,11,Bachelor's,Single,4,1,No,3,28,0,4,No
EMP0889,26,Male,Sales,Sales Executive,11297,4,PhD,Married,3,1,No,2,22,2,3,No
EMP0890,33,Male,Finance,Financial Analyst,8379,4,Bachelor's,Single,1,3,No,2,3,4,4,No
EMP0891,28,Male,IT,IT Support,11193,6,High School,Single,1,3,No,3,17,3,2,No
EMP0892,24,Male,Sales,Sales Executive,11009,6,Master's,Single,3,1,No,4,22,6,4,No
EMP0893,43,Male,Research & Development,Laboratory Technician,10522,10,PhD,Married,3,2,No,2,7,1,3,No
EMP0894,26,Male,Research & Development,Laboratory Technician,4796,0,Master's,Divorced,3,2,No,3,10,4,1,No
EMP0895,51,Male,Finance,Financial Analyst,5814,0,Master's,Single,1,4,Yes,3,17,4,3,Yes
EMP0896,38,Female,Research & Development,Research Scientist,9117,4,High School,Married,2,1,No,3,14,4,4,No
EMP0897,32,Female,Research & Development,Research Scientist,7216,4,Bachelor's,Married,1,2,Yes,3,26,6,3,No
EMP0898,44,Male,Human Resources,HR Specialist,11457,12,High School,Divorced,3,1,No,1,5,6,1,No
EMP0899,33,Male,IT,Manager,18565,12,Master's,Divorced,3,4,No,2,5,3,1,Yes
EMP0900,26,Male,Marketing,Marketing Specialist,9930,4,Bachelor's,Single,3,3,No,3,14,1,2,No
EMP0901,31,Male,Sales,Sales Executive,6126,2,Bachelor's,Single,4,4,No,3,25,5,1,No
EMP0902,46,Female,Sales,Sales Executive,10400,3,Master's,Married,2,4,Yes,4,16,5,4,No
EMP0903,24,Female,Sales,Sales Representative,8498,2,PhD,Married,2,4,No,3,22,5,4,No
EMP0904,31,Male,Research & Development,Research Scientist,9456,0,PhD,Single,2,2,No,3,22,5,2,Yes
EMP0905,37,Female,Sales,Manager,19419,14,Bachelor's,Married,4,3,Yes,3,20,5,4,No
EMP0906,32,Male,Research & Development,Research Scientist,9955,4,PhD,Single,4,2,Yes,4,15,0,3,No
EMP0907,31,Female,Research & Development,Research Scientist,9063,13,Master's,Married,3,4,No,3,5,4,2,No
EMP0908,33,Female,Research & Development,Research Scientist,7620,3,High School,Single,3,3,No,4,21,1,2,No
EMP0909,30,Male,Finance,Finance Executive,6754,0,Master's,Single,3,2,Yes,2,19,3,1,No
EMP0910,27,Male,Marketing,Marketing Executive,7095,0,Bachelor's,Married,4,1,No,4,19,5,1,No
EMP0911,45,Male,Human Resources,HR Specialist,7183,2,Bachelor's,Married,4,4,No,2,28,6,2,No
EMP0912,34,Male,Marketing,Marketing Specialist,7573,0,Master's,Single,1,3,No,4,6,0,1,No
EMP0913,31,Female,Research & Development,Laboratory Technician,10041,8,Bachelor's,Married,4,4,No,3,19,2,1,No
EMP0914,49,Male,Finance,Finance Executive,12883,5,Bachelor's,Single,3,2,No,2,19,2,2,No
EMP0915,21,Male,Human Resources,HR Executive,3567,0,PhD,Married,4,3,No,3,18,4,1,No
EMP0916,49,Male,Research & Development,Laboratory Technician,4374,3,Bachelor's,Single,2,3,No,2,21,3,1,No
EMP0917,25,Female,Research & Development,Manager,9382,0,High School,Married,4,3,Yes,3,9,1,4,No
EMP0918,53,Male,Research & Development,Laboratory Technician,7520,7,PhD,Married,3,4,No,2,30,1,2,No
EMP0919,49,Female,Finance,Finance Executive,4869,2,Master's,Married,3,4,No,3,30,2,1,No
EMP0920,33,Female,Research & Development,Research Scientist,8425,7,High School,Single,3,2,No,1,20,2,4,No
EMP0921,29,Male,IT,IT Support,4517,0,Master's,Single,3,4,No,3,21,5,4,No
EMP0922,34,Male,Sales,Sales Representative,8696,5,Bachelor's,Married,1,2,Yes,4,24,2,2,No
EMP0923,33,Female,Research & Development,Research Scientist,8750,4,High School,Single,2,1,No,3,5,3,3,No
EMP0924,38,Female,Finance,Financial Analyst,4529,0,Master's,Married,4,2,Yes,3,21,6,1,No
EMP0925,28,Male,Finance,Finance Executive,7094,8,Master's,Married,1,1,No,1,23,3,1,No
EMP0926,40,Female,Human Resources,HR Specialist,8859,4,Master's,Single,2,2,Yes,3,3,2,4,No
EMP0927,20,Female,Finance,Financial Analyst,8384,0,Master's,Single,3,4,No,2,5,0,3,No
EMP0928,50,Female,Finance,Finance Executive,7690,1,Bachelor's,Married,3,2,No,2,18,1,2,Yes
EMP0929,53,Female,IT,IT Support,5505,2,Bachelor's,Single,4,2,No,3,17,0,4,No
EMP0930,44,Female,Sales,Sales Representative,8457,4,High School,Single,4,1,No,3,9,3,4,No
EMP0931,32,Male,Human Resources,HR Specialist,6178,1,Bachelor's,Married,4,1,Yes,2,5,5,2,No
EMP0932,28,Male,Human Resources,Manager,10113,0,Bachelor's,Married,1,3,No,2,13,1,4,Yes
EMP0933,45,Male,Research & Development,Research Scientist,7294,1,Master's,Single,2,3,No,3,29,5,4,Yes
EMP0934,35,Male,Sales,Sales Executive,4968,0,Bachelor's,Married,2,2,No,3,14,4,1,No
EMP0935,42,Male,Marketing,Marketing Executive,7618,4,Master's,Single,3,2,Yes,3,22,3,2,No
EMP0936,21,Female,Research & Development,Research Scientist,6460,3,Bachelor's,Single,4,3,No,1,30,1,3,No
EMP0937,42,Female,Finance,Financial Analyst,4888,2,Master's,Married,1,2,No,3,29,0,4,No
EMP0938,34,Female,Sales,Sales Executive,8281,6,Master's,Divorced,2,2,Yes,3,24,2,4,No
EMP0939,34,Male,Marketing,Marketing Specialist,8832,7,High School,Married,1,1,No,3,8,5,3,No
EMP0940,40,Male,IT,IT Support,9954,5,Bachelor's,Married,2,2,No,3,1,4,4,No
EMP0941,27,Female,Research & Development,Manager,9031,0,Bachelor's,Married,3,3,No,3,22,5,2,No
EMP0942,33,Male,Finance,Financial Analyst,8370,5,Master's,Married,3,2,No,3,2,5,1,No
EMP0943,27,Male,Sales,Sales Representative,4777,2,Bachelor's,Divorced,2,1,No,3,14,4,2,No
EMP0944,39,Male,Sales,Sales Executive,9050,0,Bachelor's,Married,4,1,No,4,23,4,2,No
EMP0945,40,Male,Finance,Financial Analyst,15593,22,High School,Married,2,2,Yes,3,4,6,2,No
EMP0946,39,Female,Research & Development,Laboratory Technician,11851,16,Bachelor's,Divorced,1,4,No,2,19,0,4,No
EMP0947,28,Male,Sales,Sales Executive,15736,8,High School,Married,3,4,Yes,3,6,6,2,No
EMP0948,46,Female,IT,Manager,11156,3,Bachelor's,Married,3,3,No,2,25,0,1,Yes
EMP0949,25,Male,Marketing,Marketing Specialist,5965,3,Master's,Single,2,1,No,4,17,1,3,No
EMP0950,46,Male,Sales,Sales Representative,6651,3,Bachelor's,Divorced,3,2,No,4,3,6,4,Yes
EMP0951,38,Female,Sales,Manager,13619,7,Master's,Single,2,4,No,3,16,3,1,No
EMP0952,39,Male,IT,Software Engineer,8840,5,High School,Single,1,2,No,4,30,6,4,No
EMP0953,35,Male,Research & Development,Laboratory Technician,8880,4,Master's,Married,3,4,No,3,5,5,4,No
EMP0954,31,Male,IT,IT Support,9757,8,Bachelor's,Married,2,4,No,2,13,3,2,No
EMP0955,38,Male,Sales,Sales Executive,10827,3,Bachelor's,Married,3,4,No,1,5,1,4,Yes
EMP0956,45,Male,Marketing,Manager,12517,0,PhD,Single,1,1,Yes,3,2,2,4,Yes
EMP0957,33,Male,Marketing,Manager,10646,0,Master's,Divorced,2,2,No,2,3,0,4,No
EMP0958,32,Male,Research & Development,Research Scientist,7409,0,Master's,Single,2,2,No,4,10,0,3,No
EMP0959,35,Male,Marketing,Marketing Specialist,9541,2,High School,Single,4,1,No,4,11,6,2,No
EMP0960,27,Female,Sales,Sales Executive,5474,2,Master's,Married,2,3,Yes,1,17,2,4,No
EMP0961,49,Male,Research & Development,Laboratory Technician,4762,0,Bachelor's,Single,2,2,No,3,26,4,3,No
EMP0962,40,Male,Finance,Financial Analyst,5768,1,Master's,Married,4,4,No,3,18,6,3,Yes
EMP0963,35,Male,Research & Development,Manager,15384,15,Master's,Divorced,3,3,No,3,30,3,3,No
EMP0964,27,Male,Research & Development,Laboratory Technician,9167,7,Bachelor's,Married,2,1,Yes,3,20,4,3,Yes
EMP0965,32,Male,Sales,Manager,11074,2,Master's,Divorced,4,2,No,3,29,1,1,No
EMP0966,28,Male,Sales,Sales Executive,7398,3,High School,Single,2,1,No,2,10,6,3,No
EMP0967,48,Female,Human Resources,HR Executive,7959,1,PhD,Single,2,4,Yes,3,2,4,3,No
EMP0968,27,Female,Marketing,Marketing Executive,6097,0,Bachelor's,Married,2,2,No,3,23,0,4,No
EMP0969,51,Male,Sales,Sales Executive,2981,1,Master's,Married,3,4,No,3,8,6,3,No
EMP0970,45,Male,Marketing,Marketing Executive,12404,5,Bachelor's,Married,1,3,No,3,29,5,1,No
EMP0971,33,Male,Sales,Sales Executive,7708,3,Bachelor's,Single,1,2,Yes,4,6,5,3,No
EMP0972,18,Male,Human Resources,HR Specialist,6705,0,Master's,Married,3,1,No,3,1,6,2,No
EMP0973,26,Male,Sales,Manager,12362,1,Bachelor's,Married,4,2,Yes,3,20,0,3,No
EMP0974,32,Female,Marketing,Marketing Specialist,8612,1,Master's,Single,4,4,No,2,23,3,2,No
EMP0975,40,Male,Finance,Manager,17208,18,Master's,Single,3,1,Yes,2,14,5,1,No
EMP0976,48,Female,Sales,Sales Representative,7173,2,High School,Single,4,3,No,2,12,6,4,Yes
EMP0977,43,Female,IT,Software Engineer,10008,4,Bachelor's,Single,3,3,Yes,3,12,5,2,No
EMP0978,37,Female,Finance,Finance Executive,5261,5,Bachelor's,Divorced,1,2,No,3,13,0,2,No
EMP0979,26,Male,Marketing,Marketing Executive,6457,3,Master's,Single,4,3,No,1,26,0,1,No
EMP0980,35,Male,Sales,Sales Executive,7904,9,Bachelor's,Married,3,2,No,3,2,4,3,Yes
EMP0981,26,Female,Sales,Sales Representative,6950,1,Bachelor's,Married,3,1,No,3,25,1,1,No
EMP0982,25,Male,Sales,Sales Executive,7486,7,Master's,Single,3,1,No,3,17,0,1,No
EMP0983,42,Female,Research & Development,Research Scientist,6190,4,Bachelor's,Divorced,3,1,No,2,16,3,2,No
EMP0984,25,Female,Finance,Financial Analyst,5837,2,Master's,Married,4,2,No,3,13,4,4,No
EMP0985,43,Female,Human Resources,HR Specialist,7267,1,Master's,Single,1,1,Yes,3,27,4,1,Yes
EMP0986,42,Female,Human Resources,HR Executive,11540,6,Master's,Single,3,3,No,3,12,4,4,No
EMP0987,40,Male,IT,Software Engineer,6037,5,PhD,Married,1,2,No,3,17,6,2,No
EMP0988,34,Male,IT,IT Support,12399,6,Bachelor's,Married,1,3,No,3,5,1,3,No
EMP0989,38,Female,Sales,Sales Executive,10269,1,Bachelor's,Married,3,1,Yes,3,14,0,1,No
EMP0990,29,Female,Research & Development,Laboratory Technician,4264,0,High School,Single,4,4,No,3,15,1,2,No
EMP0991,35,Female,Human Resources,HR Specialist,7198,3,Bachelor's,Single,4,4,No,3,3,4,2,No
EMP0992,33,Female,Sales,Sales Executive,7393,3,Master's,Married,3,1,No,3,10,0,1,No
EMP0993,35,Female,IT,IT Support,13823,17,Bachelor's,Married,3,3,No,2,19,0,3,No
EMP0994,45,Female,IT,Software Engineer,5354,1,Master's,Single,3,1,Yes,1,2,5,1,No
EMP0995,21,Male,Finance,Financial Analyst,12222,3,Bachelor's,Divorced,2,4,Yes,3,19,1,2,No
EMP0996,27,Male,IT,Software Engineer,10721,9,Master's,Married,4,1,No,3,7,5,1,No
EMP0997,32,Female,Research & Development,Research Scientist,9341,5,Master's,Single,1,4,No,3,3,1,4,Yes
EMP0998,38,Male,IT,Software Engineer,5228,0,Bachelor's,Single,4,2,Yes,3,22,4,2,No
EMP0999,33,Female,Research & Development,Manager,11130,0,PhD,Married,3,3,No,3,27,3,3,Yes
EMP1000,39,Male,Sales,Sales Executive,5674,1,Bachelor's,Divorced,1,4,No,2,11,2,3,No
EMP1001,44,Male,Marketing,Marketing Executive,3119,1,Master's,Divorced,3,2,No,2,8,0,2,No
EMP1002,39,Male,Finance,Financial Analyst,6331,1,Bachelor's,Single,3,3,No,4,29,3,1,Yes
EMP1003,36,Male,Sales,Sales Executive,12962,10,Bachelor's,Single,3,4,No,3,8,3,3,No
EMP1004,37,Female,Finance,Finance Executive,8536,2,Master's,Married,2,1,No,3,15,5,4,No
EMP1005,49,Male,IT,IT Support,7789,2,Bachelor's,Single,4,1,Yes,3,9,3,4,No
EMP1006,34,Male,IT,Software Engineer,5198,3,PhD,Married,2,3,Yes,3,21,5,3,Yes
EMP1007,29,Male,Finance,Financial Analyst,11273,10,Bachelor's,Single,2,3,No,1,7,1,1,No
EMP1008,32,Male,Research & Development,Research Scientist,9384,2,Bachelor's,Divorced,3,2,No,3,6,5,1,No
EMP1009,18,Male,IT,IT Support,6353,0,Master's,Single,3,3,Yes,4,8,5,4,Yes
EMP1010,45,Male,Sales,Sales Executive,7462,1,PhD,Divorced,2,4,No,3,16,4,2,No
EMP1011,28,Male,IT,Software Engineer,4916,1,Bachelor's,Divorced,3,2,No,3,13,5,4,No
EMP1012,44,Female,Research & Development,Research Scientist,8831,0,Bachelor's,Single,2,2,No,3,24,3,4,No
EMP1013,19,Male,Sales,Sales Executive,8372,1,Master's,Married,4,2,No,1,23,4,1,No
EMP1014,28,Female,Sales,Sales Representative,9371,4,Bachelor's,Married,4,2,No,3,27,2,2,No
EMP1015,26,Male,IT,Manager,9838,1,Master's,Married,3,1,Yes,3,27,0,2,No
EMP1016,34,Male,Marketing,Manager,16802,11,Bachelor's,Married,2,2,No,1,22,6,3,No
EMP1017,35,Male,Research & Development,Research Scientist,6015,0,Master's,Single,4,3,Yes,3,22,1,4,Yes
EMP1018,33,Male,Sales,Sales Executive,8918,4,Bachelor's,Married,4,2,No,2,22,3,3,Yes
EMP1019,37,Male,Marketing,Marketing Executive,10291,8,Bachelor's,Single,3,4,No,2,3,6,1,No
EMP1020,24,Female,IT,Software Engineer,6684,0,Master's,Married,3,3,No,2,27,0,1,No
EMP1021,25,Male,Research & Development,Research Scientist,7674,7,Master's,Single,3,4,No,3,26,2,4,Yes
EMP1022,28,Male,Finance,Manager,12077,3,High School,Single,2,3,No,4,28,2,4,No
EMP1023,42,Female,Marketing,Marketing Specialist,11910,9,PhD,Single,3,1,No,3,1,2,3,No
EMP1024,42,Male,Research & Development,Laboratory Technician,8537,3,Bachelor's,Married,4,3,No,1,8,1,3,No
EMP1025,40,Male,Marketing,Marketing Executive,10317,6,Bachelor's,Single,1,1,No,2,11,1,1,No
EMP1026,36,Female,Sales,Sales Executive,9522,2,Master's,Married,4,1,Yes,4,7,1,3,No
EMP1027,30,Female,IT,Software Engineer,6471,1,PhD,Married,1,2,No,2,8,1,3,No
EMP1028,32,Female,Marketing,Marketing Specialist,7404,5,Master's,Divorced,2,4,Yes,3,25,1,4,No
EMP1029,22,Male,Marketing,Marketing Specialist,8029,3,High School,Single,2,3,No,3,26,1,2,No
EMP1030,26,Male,Sales,Sales Representative,8327,8,Bachelor's,Single,1,3,Yes,3,14,0,1,No
EMP1031,40,Female,Research & Development,Manager,12085,3,Master's,Divorced,2,4,No,2,27,2,3,No
EMP1032,37,Male,Research & Development,Laboratory Technician,10101,8,High School,Divorced,3,2,Yes,3,10,6,1,No
EMP1033,27,Female,Sales,Sales Representative,4593,1,Bachelor's,Married,4,2,No,3,17,5,3,No
EMP1034,45,Female,Marketing,Marketing Executive,7685,1,High School,Single,3,2,No,2,25,1,1,No
EMP1035,46,Male,Research & Development,Research Scientist,6423,4,Master's,Divorced,3,2,No,3,30,0,1,No
EMP1036,37,Male,Human Resources,HR Executive,14293,16,PhD,Single,1,3,No,2,8,4,4,No
EMP1037,31,Female,Finance,Finance Executive,6908,4,Master's,Single,4,1,No,4,30,1,2,No
EMP1038,33,Male,Sales,Sales Executive,8280,2,Master's,Married,4,4,No,3,12,4,4,No
EMP1039,42,Male,IT,Software Engineer,5696,1,Bachelor's,Married,1,2,Yes,3,14,4,4,No
EMP1040,29,Female,Research & Development,Research Scientist,11120,11,Master's,Married,2,1,No,3,5,6,3,No
EMP1041,21,Male,Sales,Sales Representative,4336,3,Bachelor's,Married,2,1,No,3,16,5,2,No
EMP1042,52,Male,Human Resources,HR Executive,9089,5,Master's,Single,1,3,Yes,2,19,0,3,No
EMP1043,43,Male,IT,IT Support,11419,6,High School,Single,4,4,No,3,18,0,2,No
EMP1044,30,Female,Sales,Sales Executive,7186,3,Bachelor's,Married,1,4,Yes,4,4,2,4,No
EMP1045,18,Male,IT,Software Engineer,5928,0,Bachelor's,Married,3,3,No,3,1,5,1,No
EMP1046,23,Female,Marketing,Marketing Executive,5563,1,Master's,Married,3,1,No,1,18,2,4,No
EMP1047,41,Male,Sales,Sales Representative,8937,4,Master's,Married,1,4,No,4,14,2,3,No
EMP1048,48,Male,IT,Software Engineer,9638,1,Bachelor's,Single,2,3,No,3,4,1,3,No
EMP1049,31,Male,Marketing,Manager,11495,2,Bachelor's,Divorced,1,3,Yes,3,12,1,3,No
EMP1050,28,Male,Research & Development,Research Scientist,11663,8,Bachelor's,Married,1,3,Yes,4,26,3,1,No
EMP1051,33,Female,Research & Development,Research Scientist,9052,7,Bachelor's,Single,4,3,No,3,14,2,3,No
EMP1052,35,Female,Marketing,Marketing Executive,7237,6,Bachelor's,Single,3,2,No,4,9,3,3,No
EMP1053,35,Male,Sales,Sales Executive,6003,5,Bachelor's,Divorced,2,2,Yes,3,25,5,2,No
EMP1054,36,Female,IT,IT Support,11419,8,Master's,Single,1,4,No,3,23,2,2,No
EMP1055,33,Male,Research & Development,Laboratory Technician,11307,9,Master's,Married,2,2,Yes,3,24,5,3,No
EMP1056,38,Male,Research & Development,Manager,13447,3,Master's,Married,4,2,No,4,16,3,3,No
EMP1057,43,Female,Finance,Finance Executive,8283,5,Bachelor's,Single,2,3,No,2,19,0,3,No
EMP1058,38,Male,Sales,Sales Representative,17121,14,Master's,Married,3,1,Yes,3,28,4,3,No
EMP1059,36,Female,Human Resources,Manager,13830,5,Bachelor's,Divorced,4,1,Yes,4,23,6,1,Yes
EMP1060,40,Male,Marketing,Marketing Executive,11426,8,PhD,Single,4,3,Yes,3,13,2,4,No
EMP1061,35,Female,Finance,Financial Analyst,8515,1,Master's,Single,3,1,No,2,7,3,2,No
EMP1062,34,Female,Finance,Financial Analyst,5268,0,Master's,Single,1,2,No,3,25,5,3,No
EMP1063,23,Female,Sales,Sales Executive,7717,3,Bachelor's,Single,2,2,No,3,14,5,1,No
EMP1064,31,Female,Research & Development,Laboratory Technician,11411,9,Bachelor's,Married,2,1,Yes,4,26,6,3,No
EMP1065,18,Male,Sales,Manager,12571,0,PhD,Married,4,2,Yes,4,8,1,1,No
EMP1066,39,Male,IT,IT Support,8549,0,Bachelor's,Divorced,4,2,No,3,13,1,2,No
EMP1067,35,Female,Human Resources,HR Executive,13534,17,Bachelor's,Single,1,1,No,2,5,4,2,No
EMP1068,31,Female,IT,Software Engineer,10154,2,Master's,Divorced,4,4,No,4,1,2,3,Yes
EMP1069,41,Male,Sales,Manager,10158,0,PhD,Single,2,2,No,3,28,0,3,No
EMP1070,29,Male,IT,Software Engineer,3332,2,Bachelor's,Married,4,1,No,3,11,2,1,No
EMP1071,22,Female,IT,IT Support,9136,4,Bachelor's,Married,2,1,No,3,7,5,2,No
EMP1072,36,Female,Finance,Finance Executive,9645,12,High School,Married,2,1,No,4,10,1,4,No
EMP1073,38,Female,Research & Development,Laboratory Technician,9969,2,PhD,Married,4,2,No,3,9,0,2,No
EMP1074,24,Male,IT,Software Engineer,7075,1,PhD,Single,1,2,Yes,3,18,4,2,No
EMP1075,35,Female,Finance,Financial Analyst,10186,3,Master's,Single,4,4,No,4,29,5,4,No
EMP1076,23,Female,Research & Development,Research Scientist,8830,5,Bachelor's,Single,3,4,No,1,11,1,4,No
EMP1077,31,Male,Marketing,Marketing Executive,9465,4,High School,Married,1,3,Yes,3,2,0,4,No
EMP1078,40,Female,Research & Development,Research Scientist,10246,1,High School,Single,4,4,Yes,4,14,2,4,No
EMP1079,34,Male,Research & Development,Manager,12421,3,Master's,Married,1,4,No,3,16,6,1,No
EMP1080,18,Male,Sales,Sales Executive,11077,0,Bachelor's,Divorced,1,1,No,3,23,5,2,No
EMP1081,31,Male,IT,Software Engineer,8943,4,Bachelor's,Single,3,2,No,1,15,1,4,No
EMP1082,39,Male,Finance,Financial Analyst,7129,1,Master's,Married,2,4,No,3,7,2,2,No
EMP1083,28,Male,Finance,Financial Analyst,10323,10,Bachelor's,Single,4,2,No,3,9,5,2,No
EMP1084,34,Female,Research & Development,Laboratory Technician,10234,7,Bachelor's,Married,4,1,No,4,29,0,4,No
EMP1085,36,Male,Sales,Sales Executive,10220,9,Bachelor's,Married,2,1,No,4,30,1,1,No
EMP1086,31,Female,Human Resources,HR Executive,13075,11,Bachelor's,Single,1,4,No,3,12,2,4,No
EMP1087,35,Male,Marketing,Marketing Executive,5309,3,Bachelor's,Divorced,3,4,No,3,16,1,1,No
EMP1088,32,Male,Sales,Sales Executive,8945,3,Bachelor's,Married,4,3,Yes,2,7,4,2,No
EMP1089,33,Female,IT,Software Engineer,9891,9,Master's,Married,2,3,No,4,24,2,2,No
EMP1090,48,Male,Human Resources,HR Executive,6721,2,Bachelor's,Single,2,3,No,2,9,6,4,No
EMP1091,22,Male,Finance,Finance Executive,7160,0,High School,Divorced,3,1,Yes,3,24,3,2,No
EMP1092,42,Female,Research & Development,Manager,9965,1,Bachelor's,Married,4,4,No,3,21,5,1,No
EMP1093,33,Male,Marketing,Marketing Executive,10092,5,Bachelor's,Divorced,3,3,No,3,30,2,3,No
EMP1094,29,Male,Finance,Finance Executive,6175,5,Master's,Single,1,1,No,2,27,6,4,No
EMP1095,24,Male,Marketing,Marketing Executive,8460,2,High School,Married,4,3,Yes,3,13,4,1,No
EMP1096,23,Female,Research & Development,Research Scientist,6782,2,Master's,Single,1,4,No,3,19,4,4,No
EMP1097,25,Female,IT,Software Engineer,11802,2,Bachelor's,Single,3,2,No,2,3,3,3,No
EMP1098,34,Male,IT,Software Engineer,5139,0,Master's,Married,1,4,No,2,29,5,4,No
EMP1099,36,Male,Research & Development,Research Scientist,6219,6,Bachelor's,Married,1,3,No,2,21,0,4,No
EMP1100,42,Female,Marketing,Manager,16971,1,Bachelor's,Single,2,2,No,2,16,2,2,No
EMP1101,38,Female,Sales,Manager,12740,2,Master's,Married,4,4,No,2,1,6,4,No
EMP1102,29,Female,Finance,Financial Analyst,7240,2,Master's,Single,1,3,No,4,15,4,3,No
EMP1103,35,Male,Human Resources,HR Executive,7613,0,Master's,Married,2,3,No,3,26,4,4,No
EMP1104,41,Male,Research & Development,Manager,12595,2,Master's,Single,1,3,No,3,22,6,2,No
EMP1105,50,Female,Research & Development,Manager,15006,3,Master's,Married,4,3,Yes,3,21,2,2,No
EMP1106,46,Male,Sales,Manager,11650,3,Bachelor's,Single,3,3,No,4,17,0,3,No
EMP1107,37,Female,Sales,Sales Representative,13385,11,Bachelor's,Single,2,3,No,2,2,1,2,No
EMP1108,32,Male,Finance,Financial Analyst,10146,5,Bachelor's,Married,3,4,No,4,6,0,4,Yes
EMP1109,44,Female,Sales,Sales Executive,9895,4,High School,Divorced,3,2,No,3,23,5,3,No
EMP1110,37,Female,Human Resources,HR Specialist,5399,1,Master's,Single,1,2,Yes,2,24,4,1,Yes
EMP1111,38,Male,Finance,Financial Analyst,4104,0,Master's,Married,3,2,No,1,24,1,4,No
EMP1112,30,Female,Research & Development,Research Scientist,9655,8,Bachelor's,Married,2,3,No,3,24,6,3,Yes
EMP1113,49,Male,Human Resources,HR Executive,7698,0,High School,Married,3,3,Yes,2,26,6,1,No
EMP1114,40,Male,Finance,Financial Analyst,12963,11,Bachelor's,Married,2,2,Yes,3,29,4,2,Yes
EMP1115,24,Female,Sales,Sales Executive,7732,1,PhD,Single,2,2,No,3,8,6,1,No
EMP1116,20,Female,Finance,Finance Executive,5826,2,Bachelor's,Single,2,2,Yes,2,14,0,4,No
EMP1117,35,Male,Sales,Sales Executive,7422,5,PhD,Married,1,2,No,3,14,0,1,No
EMP1118,27,Female,Research & Development,Laboratory Technician,7191,3,Bachelor's,Married,3,1,No,4,25,5,3,No
EMP1119,32,Male,IT,Manager,13421,7,Bachelor's,Single,3,4,No,2,28,2,3,No
EMP1120,36,Female,Sales,Sales Representative,4451,1,Master's,Married,3,1,No,4,24,4,4,No
EMP1121,18,Male,Research & Development,Research Scientist,5958,0,High School,Married,1,3,Yes,2,29,2,4,No
EMP1122,32,Female,Human Resources,Manager,11270,2,Bachelor's,Single,1,4,No,4,7,1,4,No
EMP1123,37,Female,IT,Manager,14273,12,High School,Divorced,3,4,Yes,3,10,4,1,No
EMP1124,38,Male,Human Resources,HR Executive,6016,1,Master's,Divorced,1,3,Yes,1,6,4,3,No
EMP1125,38,Female,IT,Software Engineer,10833,5,Master's,Married,2,4,No,3,25,3,1,No
EMP1126,39,Male,Research & Development,Research Scientist,7046,4,Bachelor's,Married,2,3,No,2,21,1,2,No
EMP1127,30,Female,Sales,Sales Representative,7424,12,Master's,Single,4,1,No,3,1,2,2,No
EMP1128,29,Female,Marketing,Marketing Executive,10418,5,Bachelor's,Single,1,1,No,2,4,4,4,No
EMP1129,19,Female,Human Resources,HR Executive,7487,1,Bachelor's,Single,4,3,Yes,3,11,0,4,No
EMP1130,34,Female,Marketing,Manager,11218,2,Bachelor's,Married,2,3,No,3,21,0,3,No
EMP1131,23,Female,Sales,Sales Executive,5207,2,Bachelor's,Married,3,3,Yes,2,21,6,3,No
EMP1132,39,Male,Sales,Sales Executive,7810,2,High School,Single,2,2,No,4,10,0,2,No
EMP1133,33,Male,Sales,Sales Representative,7379,2,Master's,Married,1,3,No,3,15,4,3,No
EMP1134,31,Female,IT,Software Engineer,7794,0,Master's,Single,4,1,No,3,27,4,4,Yes
EMP1135,18,Male,IT,Software Engineer,4646,0,PhD,Single,1,3,No,3,1,1,3,No
EMP1136,24,Female,IT,Software Engineer,7204,6,Bachelor's,Single,1,2,No,3,8,2,3,No
EMP1137,26,Male,Research & Development,Laboratory Technician,10253,0,High School,Divorced,4,2,Yes,2,4,3,2,No
EMP1138,21,Female,Sales,Manager,10024,3,Master's,Single,3,4,No,3,14,5,2,No
EMP1139,56,Female,Research & Development,Manager,10511,0,Master's,Single,3,3,Yes,2,10,4,4,No
EMP1140,40,Female,Research & Development,Laboratory Technician,8788,4,Bachelor's,Single,1,4,No,1,10,1,2,No
EMP1141,23,Female,IT,Software Engineer,9166,4,Master's,Married,1,2,No,3,9,3,4,No
EMP1142,20,Male,Sales,Sales Representative,4811,2,PhD,Married,3,1,Yes,1,17,6,1,Yes
EMP1143,30,Female,IT,IT Support,2748,1,High School,Single,4,4,No,4,9,3,3,No
EMP1144,42,Male,Research & Development,Laboratory Technician,7142,3,Master's,Divorced,4,1,No,3,19,3,2,No
EMP1145,31,Male,Sales,Sales Executive,9707,5,Master's,Married,2,4,No,3,29,5,2,No
EMP1146,18,Male,Finance,Financial Analyst,6339,0,Master's,Married,1,2,No,3,29,0,4,No
EMP1147,28,Female,Sales,Sales Representative,5410,1,Master's,Single,4,3,No,2,29,5,4,Yes
EMP1148,50,Male,Sales,Sales Representative,8802,7,Bachelor's,Single,3,2,No,3,5,1,1,No
EMP1149,34,Female,Research & Development,Research Scientist,7916,4,Master's,Single,1,3,No,2,16,2,4,No
EMP1150,44,Male,Research & Development,Manager,12178,1,Master's,Single,4,4,No,3,25,2,3,No
EMP1151,37,Male,Research & Development,Manager,10320,6,Bachelor's,Single,2,2,No,3,4,1,2,No
EMP1152,24,Male,Finance,Manager,9325,6,Master's,Married,1,1,No,1,4,3,2,No
EMP1153,26,Male,Research & Development,Manager,13094,8,Master's,Single,3,1,No,2,12,0,3,Yes
EMP1154,35,Female,IT,Software Engineer,6868,1,Bachelor's,Single,2,4,No,2,8,1,1,No
EMP1155,32,Female,Finance,Financial Analyst,8547,2,Master's,Single,2,1,No,3,7,2,4,No
EMP1156,52,Female,Sales,Sales Representative,4941,0,Bachelor's,Married,4,1,No,3,17,2,2,No
EMP1157,31,Male,Finance,Financial Analyst,7899,3,PhD,Single,3,2,Yes,4,16,5,2,No
EMP1158,37,Female,Research & Development,Manager,14728,3,Bachelor's,Divorced,4,1,No,2,10,1,3,No
EMP1159,41,Female,Human Resources,Manager,11325,4,Bachelor's,Single,2,4,No,2,14,6,3,No
EMP1160,18,Male,IT,Software Engineer,3929,0,High School,Single,4,3,No,3,29,2,1,No
EMP1161,26,Male,Research & Development,Laboratory Technician,7326,8,Bachelor's,Married,3,4,No,3,19,5,4,No
EMP1162,37,Female,Sales,Sales Executive,6274,4,PhD,Married,1,4,Yes,3,15,1,1,No
EMP1163,36,Male,Marketing,Marketing Specialist,5785,1,PhD,Married,1,3,No,3,7,2,4,No
EMP1164,30,Male,Research & Development,Research Scientist,7621,1,Bachelor's,Married,3,2,No,2,5,3,1,No
EMP1165,36,Female,Research & Development,Research Scientist,10480,10,Master's,Married,3,4,Yes,1,15,3,4,No
EMP1166,29,Male,Marketing,Marketing Executive,6600,5,Bachelor's,Single,4,2,Yes,3,4,5,4,No
EMP1167,40,Male,IT,Software Engineer,9495,11,Bachelor's,Married,3,3,No,3,15,2,3,No
EMP1168,35,Male,Research & Development,Research Scientist,5098,4,Bachelor's,Single,1,2,No,3,4,1,3,No
EMP1169,34,Male,Human Resources,HR Executive,7362,1,Bachelor's,Single,4,4,Yes,3,7,4,2,Yes
EMP1170,41,Male,Finance,Financial Analyst,6340,0,Bachelor's,Married,2,4,Yes,2,17,2,1,No
EMP1171,35,Female,Sales,Sales Representative,8425,13,Master's,Divorced,3,3,No,3,5,4,1,No
EMP1172,25,Male,Sales,Sales Executive,5629,1,PhD,Married,2,4,Yes,2,17,1,3,No
EMP1173,19,Female,Sales,Sales Executive,8060,0,Bachelor's,Single,3,3,Yes,3,6,4,1,No
EMP1174,30,Female,Marketing,Marketing Executive,8940,2,Bachelor's,Single,4,3,No,4,3,0,1,No
EMP1175,20,Male,Research & Development,Manager,11049,2,Master's,Divorced,2,2,Yes,3,18,5,2,No
EMP1176,27,Female,Sales,Sales Executive,9287,8,Bachelor's,Single,2,4,No,3,28,0,2,No
EMP1177,27,Female,Finance,Financial Analyst,12745,2,Master's,Married,3,2,No,1,16,5,1,No
EMP1178,37,Female,IT,Software Engineer,9250,10,Bachelor's,Married,1,1,No,3,22,6,3,No
EMP1179,36,Female,Sales,Sales Executive,6822,4,Bachelor's,Single,1,1,No,4,3,6,4,No
EMP1180,28,Male,Sales,Sales Executive,12444,9,Master's,Married,3,2,No,3,22,5,1,No
EMP1181,32,Male,Sales,Sales Representative,6700,4,Bachelor's,Divorced,2,1,No,3,23,5,3,No
EMP1182,36,Male,Sales,Sales Executive,10955,8,Bachelor's,Married,4,3,No,3,7,1,3,No
EMP1183,25,Male,Sales,Sales Executive,10738,6,High School,Single,2,2,No,3,18,0,4,No
EMP1184,30,Male,Marketing,Marketing Executive,12606,9,Master's,Single,2,2,No,3,2,2,2,No
EMP1185,41,Female,Sales,Sales Executive,7910,2,Bachelor's,Divorced,4,3,No,3,21,1,4,No
EMP1186,33,Male,Marketing,Marketing Executive,7111,6,PhD,Married,2,4,No,3,30,5,3,No
EMP1187,37,Male,Research & Development,Research Scientist,8230,0,Bachelor's,Married,4,3,Yes,3,30,5,4,No
EMP1188,23,Male,Sales,Sales Executive,5142,1,Bachelor's,Divorced,4,1,No,2,20,6,4,No
EMP1189,18,Male,Research & Development,Laboratory Technician,4899,0,Bachelor's,Single,4,1,Yes,3,17,4,4,No
EMP1190,40,Male,IT,IT Support,14049,18,High School,Single,3,2,No,3,4,6,3,No
EMP1191,46,Female,Sales,Sales Executive,10109,2,High School,Married,2,3,No,3,27,5,2,No
EMP1192,22,Female,IT,Manager,16744,4,Master's,Single,1,4,No,4,12,5,2,No
EMP1193,40,Male,Marketing,Marketing Specialist,10084,0,Master's,Married,1,3,No,4,19,0,1,No
EMP1194,32,Female,IT,IT Support,9323,5,Master's,Single,1,1,No,2,8,2,4,Yes
EMP1195,36,Female,IT,Manager,12462,2,High School,Married,1,1,No,1,17,5,2,No
EMP1196,26,Female,Sales,Sales Executive,10955,6,Master's,Single,4,4,Yes,4,26,3,1,No
EMP1197,18,Female,Sales,Sales Executive,4474,0,High School,Divorced,1,1,Yes,3,22,4,2,No
EMP1198,45,Female,IT,Software Engineer,11354,12,Master's,Single,1,4,Yes,3,30,4,3,No
EMP1199,41,Male,Human Resources,Manager,9426,0,Bachelor's,Single,1,3,No,3,30,6,4,No
EMP1200,30,Female,Finance,Manager,11185,0,Bachelor's,Divorced,4,2,Yes,3,28,3,1,No
